Workbook

Sheet Cancel Stop Hgl-Odz-Hgl
A1: ICE Delay Odzg | C1: 0.0020833333 | D1: 0.0027777778 | E1: 0.0034722222 | F1: 0.0041666667 | G1: 0.0048611111 | H1: 0.0055555556 | I1: 0.00625 | J1: 0.0069444444 | K1: 0.0076388889 | L1: 0.0083333333 | M1: 0.0090277778 | N1: 0.0097222222 | O1: 0.010416667 | P1: 0.013888889 | Q1: 0.017361111 | R1: Originele vertrektijd Odzg = 09:56:06 | U1: Originele vertrektijd Odzg = 09:56:06
A2: 140/240 | B2: Amersfoort | C2: 0 | D2: 0 | E2: 0 | F2: 0.00016203704 | G2: 0.00085648148 | H2: 0.0019675926 | I2: 0.0022453704 | J2: 0.0096990741 | K2: 0.0096990741 | L2: 0.0096990741 | M2: 0.0096990741 | N2: 0.0096990741 | O2: 0.0096990741 | P2: 0.017592593 | Q2: 0.017592593 | R2: A140-late | U2: Vertraging in Amersfoort
A3: 1700 | B3: Utrecht | C3: 0.0018518519 | D3: 0.0018518519 | E3: 0.0022685185 | F3: 0.002962963 | G3: 0.011365741 | H3: 0.011365741 | I3: 0.011365741 | J3: 0.0036805556 | K3: 0.0036805556 | L3: 0.0061111111 | M3: 0.0061111111 | N3: 0.0061111111 | O3: 0.0061111111 | P3: 0.0015509259 | Q3: 0.0015509259 | R3: C1700-17 | U3: Vertraging van nationale treinen (eerste hub buiten corridor)
A4: 7000 | B4: Apeldoorn | C4: 0.0016666667 | D4: 0.0016666667 | E4: 0.0020833333 | F4: 0.0027777778 | G4: 0.0034722222 | H4: 0.0041666667 | I4: 0.0048611111 | J4: 0 | K4: 0 | L4: 0 | M4: 0 | N4: 0 | O4: 0 | P4: 0.0013657407 | Q4: 0.0013657407 | R4: A7000-15
A5: 31200 | B5: Goor | C5: 0.0016203704 | D5: 0.0016203704 | E5: 0.0016203704 | F5: 0.0016203704 | G5: 0.0016203704 | H5: 0.0016203704 | I5: 0.0016203704 | J5: 0.0016203704 | K5: 0.0016203704 | L5: 0.0016203704 | M5: 0.0016203704 | N5: 0.0016203704 | O5: 0.0016203704 | P5: 0.0016203704 | Q5: 0.0016203704 | R5: D31200-18
A6: 7900 | B6: Nijverdal | C6: 0 | D6: 0 | E6: 0.00034722222 | F6: 0.0010416667 | G6: 0.0017361111 | H6: 0.0024305556 | I6: 0.003125 | J6: 0.0046296296 | K6: 0.0046296296 | L6: 0.00083333333 | M6: 0.0021064815 | N6: 0.0028009259 | O6: 0.0034953704 | P6: 0 | Q6: 0 | R6: A7900-17
A7: 31300 | B7: Amersfoort | C7: 0 | D7: 0 | E7: 0 | F7: 0 | G7: 0 | H7: 0.00092592593 | I7: 0.0012037037 | J7: 0 | K7: 0 | L7: 0 | M7: 0 | N7: 0 | O7: 0 | P7: 0 | Q7: 0 | R7: A31300-19
A8: 3600 | B8: Zwolle | C8: 0.0042592593 | D8: 0.0042592593 | E8: 0.0046759259 | F8: 0.0053703704 | G8: 0.0060648148 | H8: 0.00094907407 | I8: 0.00094907407 | J8: 0.00094907407 | K8: 0.00094907407 | L8: 0.00094907407 | M8: 0.00094907407 | N8: 0.00094907407 | O8: 0.00094907407 | P8: 0.00094907407 | Q8: 0.00094907407 | R8: A3600-5
A9: 20350 | B9: Hengelo | C9: 0 | D9: 0 | E9: 0 | F9: 0 | G9: 0 | H9: 0 | I9: 0 | J9: 0 | K9: 0 | L9: 0 | M9: 0 | N9: 0 | O9: 0.00069444444 | P9: 0 | Q9: 0 | R9: B36100-18 | S9: Wordt niet meegenomen in punctualiteit
A10: 31200 | B10: Hengelo | C10: - | D10: - | E10: - | F10: - | G10: - | H10: - | I10: - | J10: - | K10: - | L10: - | M10: - | N10: - | O10: - | P10: - | Q10: - | R10: Komt niet vanaf Odz dus geen aankomstvertr. | U10: Vetragingen bij transfer hubs
A11: 31200 | B11: Zutphen | C11: 0.000625 | D11: 0.000625 | E11: 0.000625 | F11: 0.000625 | G11: 0.000625 | H11: 0.000625 | I11: 0.000625 | J11: 0.000625 | K11: 0.000625 | L11: 0.000625 | M11: 0.000625 | N11: 0.000625 | O11: 0.000625 | P11: 0.000625 | Q11: 0.000625
A12: 7900 | B12: Zwolle | C12: 0 | D12: 0 | E12: 0 | F12: 0 | G12: 0 | H12: 0 | I12: 0 | J12: 0.00081018519 | K12: 0.00081018519 | L12: 0 | M12: 0 | N12: 0 | O12: 0 | P12: 0 | Q12: 0
A13: Total delay all trains in the scope at the first hub outside the corridor | C13: =SUM(C3:C8) -> 0.0093981481 | D13: =SUM(D3:D8) -> 0.0093981481 | E13: =SUM(E3:E8) -> 0.01099537 | F13: =SUM(F3:F8) -> 0.013773148 | G13: =SUM(G3:G8) -> 0.024259259 | H13: =SUM(H3:H8) -> 0.021458333 | I13: =SUM(I3:I8) -> 0.023125 | J13: =SUM(J3:J8) -> 0.01087963 | ... Q13: =SUM(Q3:Q8) -> 0.0054861111 | U13: Totale vertraging (ICE en nationale treinen)
A15: 140/240 | B15: Amersfoort | C15: =C2<6/1440 -> TRUE | D15: =D2<6/1440 -> TRUE | E15: =E2<6/1440 -> TRUE | F15: =F2<6/1440 -> TRUE | G15: =G2<6/1440 -> TRUE | H15: =H2<6/1440 -> TRUE | I15: =I2<6/1440 -> TRUE | J15: =J2<6/1440 -> FALSE | ... Q15: =Q2<6/1440 -> FALSE | U15: Is de ICE op tijd?
A16: 1700 | B16: Utrecht | C16: =C3<3/1440 -> TRUE | D16: =D3<3/1440 -> TRUE | E16: =E3<3/1440 -> FALSE | F16: =F3<3/1440 -> FALSE | G16: =G3<3/1440 -> FALSE | H16: =H3<3/1440 -> FALSE | I16: =I3<3/1440 -> FALSE | J16: =J3<3/1440 -> FALSE | ... Q16: =Q3<3/1440 -> TRUE | U16: Zijn de nationale treinen op tijd? | Y16: Met hoe veel minuten vetraging haalt de ICE zn slot in Amersfoort?
A17: 7000 | B17: Apeldoorn | C17: =C4<3/1440 -> TRUE | D17: =D4<3/1440 -> TRUE | E17: =E4<3/1440 -> FALSE | F17: =F4<3/1440 -> FALSE | G17: =G4<3/1440 -> FALSE | H17: =H4<3/1440 -> FALSE | I17: =I4<3/1440 -> FALSE | J17: =J4<3/1440 -> TRUE | ... Q17: =Q4<3/1440 -> TRUE | Y17: Hoe veel minuten te laat mag de 31200 en 7900 komen om hun domestic transfer te halen?
A18: 31200 | B18: Goor | C18: =C5<3/1440 -> TRUE | D18: =D5<3/1440 -> TRUE | E18: =E5<3/1440 -> TRUE | F18: =F5<3/1440 -> TRUE | G18: =G5<3/1440 -> TRUE | H18: =H5<3/1440 -> TRUE | I18: =I5<3/1440 -> TRUE | J18: =J5<3/1440 -> TRUE | ... Q18: =Q5<3/1440 -> TRUE
A19: 7900 | B19: Nijverdal | C19: =C6<3/1440 -> TRUE | D19: =D6<3/1440 -> TRUE | E19: =E6<3/1440 -> TRUE | F19: =F6<3/1440 -> TRUE | G19: =G6<3/1440 -> TRUE | H19: =H6<3/1440 -> FALSE | I19: =I6<3/1440 -> FALSE | J19: =J6<3/1440 -> FALSE | ... Q19: =Q6<3/1440 -> TRUE
A20: 31300 | B20: Amersfoort | C20: =C7<3/1440 -> TRUE | D20: =D7<3/1440 -> TRUE | E20: =E7<3/1440 -> TRUE | F20: =F7<3/1440 -> TRUE | G20: =G7<3/1440 -> TRUE | H20: =H7<3/1440 -> TRUE | I20: =I7<3/1440 -> TRUE | J20: =J7<3/1440 -> TRUE | ... Q20: =Q7<3/1440 -> TRUE
A21: 3600 | B21: Zwolle | C21: =C8<3/1440 -> FALSE | D21: =D8<3/1440 -> FALSE | E21: =E8<3/1440 -> FALSE | F21: =F8<3/1440 -> FALSE | G21: =G8<3/1440 -> FALSE | H21: =H8<3/1440 -> TRUE | I21: =I8<3/1440 -> TRUE | J21: =J8<3/1440 -> TRUE | ... Q21: =Q8<3/1440 -> TRUE
A22: 20350 | B22: Hengelo | C22: =C9<3/1440 -> TRUE | D22: =D9<3/1440 -> TRUE | E22: =E9<3/1440 -> TRUE | F22: =F9<3/1440 -> TRUE | G22: =G9<3/1440 -> TRUE | H22: =H9<3/1440 -> TRUE | I22: =I9<3/1440 -> TRUE | J22: =J9<3/1440 -> TRUE | ... Q22: =Q9<3/1440 -> TRUE
A23: 31200 | B23: Hengelo | C23: 1 | D23: 1 | E23: 1 | F23: 1 | G23: 1 | H23: 1 | I23: 1 | J23: 1 | K23: 1 | L23: 1 | M23: 1 | N23: 1 | O23: 1 | P23: 1 | Q23: 1
A24: 31200 | B24: Zutphen | C24: =C11<3/1440 -> TRUE | D24: =D11<3/1440 -> TRUE | E24: =E11<3/1440 -> TRUE | F24: =F11<3/1440 -> TRUE | G24: =G11<3/1440 -> TRUE | H24: =H11<3/1440 -> TRUE | I24: =I11<3/1440 -> TRUE | J24: =J11<3/1440 -> TRUE | ... Q24: =Q11<3/1440 -> TRUE
A25: 7900 | B25: Zwolle | C25: =C12<3/1440 -> TRUE | D25: =D12<3/1440 -> TRUE | E25: =E12<3/1440 -> TRUE | F25: =F12<3/1440 -> TRUE | G25: =G12<3/1440 -> TRUE | H25: =H12<3/1440 -> TRUE | I25: =I12<3/1440 -> TRUE | J25: =J12<3/1440 -> TRUE | ... Q25: =Q12<3/1440 -> TRUE
A26: Punctuality | C26: =COUNTIF(C16:C21,TRUE) / 6 -> 0.83333333 | D26: =COUNTIF(D16:D21,TRUE) / 6 -> 0.83333333 | E26: =COUNTIF(E16:E21,TRUE) / 6 -> 0.5 | F26: =COUNTIF(F16:F21,TRUE) / 6 -> 0.5 | G26: =COUNTIF(G16:G21,TRUE) / 6 -> 0.5 | H26: =COUNTIF(H16:H21,TRUE) / 6 -> 0.5 | I26: =COUNTIF(I16:I21,TRUE) / 6 -> 0.5 | J26: =COUNTIF(J16:J21,TRUE) / 6 -> 0.66666667 | ... Q26: =COUNTIF(Q16:Q21,TRUE) / 6 -> 1 | U26: Punctualiteit nationale treinen
A28: Diff ICE delay BB and Amf | C28: =C2-C1 -> -0.0020833333 | D28: =D2-D1 -> -0.0027777778 | E28: =E2-E1 -> -0.0034722222 | F28: =F2-F1 -> -0.0040046296 | G28: =G2-G1 -> -0.0040046296 | H28: =H2-H1 -> -0.003587963 | I28: =I2-I1 -> -0.0040046296 | J28: =J2-J1 -> 0.0027546296 | ... Q28: =Q2-Q1 -> 0.00023148148 | R28: + -> Extra delay
R29: - -> less delay
A30: Als/Hoeveel de ICE te vroeg is in Amf | C30: -00:01:54 | D30: -00:01:54 | E30: -00:01:54
A31: Regional transfer | C31: =(C20+C21+C23+C24+C25)/5 -> 0.8 | D31: =(D20+D21+D23+D24+D25)/5 -> 0.8 | E31: =(E20+E21+E23+E24+E25)/5 -> 0.8 | F31: =(F20+F21+F23+F24+F25)/5 -> 0.8 | G31: =(G20+G21+G23+G24+G25)/5 -> 0.8 | H31: =(H20+H21+H23+H24+H25)/5 -> 1 | I31: =(I20+I21+I23+I24+I25)/5 -> 1 | J31: =(J20+J21+J23+J24+J25)/5 -> 1 | ... Q31: =(Q20+Q21+Q23+Q24+Q25)/5 -> 1 | U31: Gemiste transfers
M33: Hengelo | N33: Oldenzaal
A34: Wat is er gedaan in OpenTrack om dit te bereiken? | L34: C31200-13 | M34: 0.40763889 | N34: 0.41458333
A35: Nieuwe itinerary gemaakt Zp-Hgl | L35: D31200-18 | N35: 0.41875 | O35: 0.42569444
A36: Nieuwe itinerary gemaakt Hgl-Zp | L36: A31200-15 | M36: 0.42847222 | N36: 0.43541667
A37: D31200-18: Itinerary veranderd | L37: B31200-20 | N37: 0.43958333 | O37: 0.44652778
A38: A31200-15: Itinerary veranderd
A39: D31200-18: Connectie met C31200-13 in Oldenzaal is verbroken
A40: D31200-18: Connectie met A31200-15 in Hengelo is toegevoegd
A41: C31200-13: Connectie met B31200-20 ipv D31200-18 zodat deze een half uur later gaat
A42: B31200-20: Connectie met C31200-13 ipv A31200-15
A43: A31200-15: Connectie met D31200-18 in Hengelo toegevoegd
A44: C31200-13: Aankomst Oldenzaal op perron 1b ipv 1
J47: Hgl3b-Ddn2
J48: Ddn2-Go1
J49: Go1-Lc2
J50: Lc2-Lr702
J51: Lr702-Zp2b (/P:1)

Sheet ICE Waits
A1: ICE Delay Odzg | C1: 0.0020833333 | D1: 0.0027777778 | E1: 0.0034722222 | F1: 0.0041666667 | G1: 0.0048611111 | H1: 0.0055555556 | I1: 0.00625 | J1: 0.0069444444 | K1: 0.0076388889 | L1: 0.0083333333 | M1: 0.0090277778 | N1: 0.0097222222 | O1: 0.010416667 | P1: 0.013888889 | Q1: 0.017361111 | R1: Originele vertrektijd Odzg = 09:56:06
A2: 140/240 | B2: Amersfoort | C2: 0 | D2: 0 | E2: 0.00048611111 | F2: 0.0096990741 | G2: 0.0096990741 | H2: 0.0096990741 | I2: 0.0096990741 | J2: 0.0096990741 | K2: 0.0096990741 | L2: 0.0096990741 | M2: 0.0096990741 | N2: 0.0096990741 | O2: 0.009537037 | P2: 0.017592593 | Q2: 0.017592593 | R2: A140-late | T2: Originele aankomst Amf = 10:24:00
A3: 1700 | B3: Utrecht | C3: 0.0019212963 | D3: 0.0026157407 | E3: 0.003287037 | F3: 0.0061111111 | G3: 0.0061111111 | H3: 0.0061111111 | I3: 0.0037268519 | J3: 0.0061111111 | K3: 0.0061111111 | L3: 0.0061111111 | M3: 0.0061111111 | N3: 0.0061111111 | O3: 0.011365741 | P3: 0.0015509259 | Q3: 0.0015509259 | R3: C1700-17
A4: 7000 | B4: Apeldoorn | C4: 0.0017361111 | D4: 0.0024074074 | E4: 0.0031018519 | F4: 0 | G4: 0 | H4: 0 | I4: 0 | J4: 0 | K4: 0 | L4: 0 | M4: 0 | N4: 0 | O4: 0 | P4: 0.0013657407 | Q4: 0.0013657407 | R4: A7000-15
A5: 31200 | B5: Goor | C5: 0.0028703704 | D5: 0.0028703704 | E5: 0.0029398148 | F5: 0 | G5: 0 | H5: 0 | I5: 0 | J5: 0 | K5: 0 | L5: 0 | M5: 0 | N5: 0 | O5: 0 | P5: 0 | Q5: 0 | R5: D31200-18
A6: 7900 | B6: Nijverdal | C6: 0.00074074074 | D6: 0.0013657407 | E6: 0.0020601852 | F6: 0.0016203704 | G6: 0.0016203704 | H6: 0.0016203704 | I6: 0.0016203704 | J6: 0.0015972222 | K6: 0.0016203704 | L6: 0.0024305556 | M6: 0.003125 | N6: 0.0038194444 | O6: 0 | P6: 0 | Q6: 0 | R6: A7900-17
A7: 31300 | B7: Amersfoort | C7: 0 | D7: 0 | E7: 0 | F7: 0 | G7: 0 | H7: 0 | I7: 0 | J7: 0 | K7: 0 | L7: 0 | M7: 0 | N7: 0 | O7: 0 | P7: 0 | Q7: 0 | R7: A31300-19
A8: 3600 | B8: Zwolle | C8: 0.0043518519 | D8: 0.005 | E8: 0.0056944444 | F8: 0.00094907407 | G8: 0.00094907407 | H8: 0.00094907407 | I8: 0.00094907407 | J8: 0.00094907407 | K8: 0.00094907407 | L8: 0.00094907407 | M8: 0.00094907407 | N8: 0.00094907407 | O8: 0.00094907407 | P8: 0.00094907407 | Q8: 0.00094907407 | R8: A3600-5
A9: 20350 | B9: Hengelo | C9: 0 | D9: 0 | E9: 0 | F9: 0 | G9: 0 | H9: 0 | I9: 0 | J9: 0 | K9: 0 | L9: 0 | M9: 0 | N9: 2.3148148e-05 | O9: 0.00074074074 | P9: 0.0040972222 | Q9: 0 | R9: B36100-18
A10: 31200 | B10: Hengelo | C10: 0.0032638889 | D10: 0.0038888889 | E10: 0.0045833333 | F10: 0.00011574074 | G10: 0.00011574074 | H10: 0.00011574074 | I10: 0.00011574074 | J10: 0.00011574074 | K10: 0.00011574074 | L10: 0.00011574074 | M10: 0.00011574074 | N10: 0.00011574074 | O10: 0.00011574074 | P10: 0.00011574074 | Q10: 0.00011574074
A11: 31200 | B11: Zutphen | C11: 0.001875 | D11: 0.001875 | E11: 0.0019444444 | F11: 0.00016203704 | G11: 0.00016203704 | H11: 0.00016203704 | I11: 0.00016203704 | J11: 0.00016203704 | K11: 0.00016203704 | L11: 0.00016203704 | M11: 0.00016203704 | N11: 0.00016203704 | O11: 0.00016203704 | P11: 0.00016203704 | Q11: 0.00016203704
A12: 7900 | B12: Zwolle | C12: 0 | D12: 0 | E12: 0 | F12: 0 | G12: 0 | H12: 0 | I12: 0 | J12: 0 | K12: 0 | L12: 0 | M12: 0 | N12: 0 | O12: 0 | P12: 0 | Q12: 0
A13: Total delay all trains in the scope at the first hub outside the corridor | C13: =SUM(C3:C8) -> 0.01162037 | D13: =SUM(D3:D8) -> 0.014259259 | E13: =SUM(E3:E8) -> 0.017083333 | F13: =SUM(F3:F8) -> 0.0086805556 | G13: =SUM(G3:G8) -> 0.0086805556 | H13: =SUM(H3:H8) -> 0.0086805556 | I13: =SUM(I3:I8) -> 0.0062962963 | J13: =SUM(J3:J8) -> 0.0086574074 | ... Q13: =SUM(Q3:Q8) -> 0.0038657407
A15: 140/240 | B15: Amersfoort | C15: =C2<6/1440 -> TRUE | D15: =D2<6/1440 -> TRUE | E15: =E2<6/1440 -> TRUE | F15: =F2<6/1440 -> FALSE | G15: =G2<6/1440 -> FALSE | H15: =H2<6/1440 -> FALSE | I15: =I2<6/1440 -> FALSE | J15: =J2<6/1440 -> FALSE | ... Q15: =Q2<6/1440 -> FALSE
A16: 1700 | B16: Utrecht | C16: =C3<3/1440 -> TRUE | D16: =D3<3/1440 -> FALSE | E16: =E3<3/1440 -> FALSE | F16: =F3<3/1440 -> FALSE | G16: =G3<3/1440 -> FALSE | H16: =H3<3/1440 -> FALSE | I16: =I3<3/1440 -> FALSE | J16: =J3<3/1440 -> FALSE | ... Q16: =Q3<3/1440 -> TRUE
A17: 7000 | B17: Apeldoorn | C17: =C4<3/1440 -> TRUE | D17: =D4<3/1440 -> FALSE | E17: =E4<3/1440 -> FALSE | F17: =F4<3/1440 -> TRUE | G17: =G4<3/1440 -> TRUE | H17: =H4<3/1440 -> TRUE | I17: =I4<3/1440 -> TRUE | J17: =J4<3/1440 -> TRUE | ... Q17: =Q4<3/1440 -> TRUE
A18: 31200 | B18: Goor | C18: =C5<3/1440 -> FALSE | D18: =D5<3/1440 -> FALSE | E18: =E5<3/1440 -> FALSE | F18: =F5<3/1440 -> TRUE | G18: =G5<3/1440 -> TRUE | H18: =H5<3/1440 -> TRUE | I18: =I5<3/1440 -> TRUE | J18: =J5<3/1440 -> TRUE | ... Q18: =Q5<3/1440 -> TRUE
A19: 7900 | B19: Nijverdal | C19: =C6<3/1440 -> TRUE | D19: =D6<3/1440 -> TRUE | E19: =E6<3/1440 -> TRUE | F19: =F6<3/1440 -> TRUE | G19: =G6<3/1440 -> TRUE | H19: =H6<3/1440 -> TRUE | I19: =I6<3/1440 -> TRUE | J19: =J6<3/1440 -> TRUE | ... Q19: =Q6<3/1440 -> TRUE
A20: 31300 | B20: Amersfoort | C20: =C7<3/1440 -> TRUE | D20: =D7<3/1440 -> TRUE | E20: =E7<3/1440 -> TRUE | F20: =F7<3/1440 -> TRUE | G20: =G7<3/1440 -> TRUE | H20: =H7<3/1440 -> TRUE | I20: =I7<3/1440 -> TRUE | J20: =J7<3/1440 -> TRUE | ... Q20: =Q7<3/1440 -> TRUE
A21: 3600 | B21: Zwolle | C21: =C8<3/1440 -> FALSE | D21: =D8<3/1440 -> FALSE | E21: =E8<3/1440 -> FALSE | F21: =F8<3/1440 -> TRUE | G21: =G8<3/1440 -> TRUE | H21: =H8<3/1440 -> TRUE | I21: =I8<3/1440 -> TRUE | J21: =J8<3/1440 -> TRUE | ... Q21: =Q8<3/1440 -> TRUE
A22: 20350 | B22: Hengelo | C22: =C9<3/1440 -> TRUE | D22: =D9<3/1440 -> TRUE | E22: =E9<3/1440 -> TRUE | F22: =F9<3/1440 -> TRUE | G22: =G9<3/1440 -> TRUE | H22: =H9<3/1440 -> TRUE | I22: =I9<3/1440 -> TRUE | J22: =J9<3/1440 -> TRUE | ... Q22: =Q9<3/1440 -> TRUE
A23: 31200 | B23: Hengelo | C23: =C10<3/1440 -> FALSE | D23: =D10<3/1440 -> FALSE | E23: =E10<3/1440 -> FALSE | F23: =F10<3/1440 -> TRUE | G23: =G10<3/1440 -> TRUE | H23: =H10<3/1440 -> TRUE | I23: =I10<3/1440 -> TRUE | J23: =J10<3/1440 -> TRUE | ... Q23: =Q10<3/1440 -> TRUE
A24: 31200 | B24: Zutphen | C24: =C10<3/1440 -> FALSE | D24: =D10<3/1440 -> FALSE | E24: =E10<3/1440 -> FALSE | F24: =F10<3/1440 -> TRUE | G24: =G10<3/1440 -> TRUE | H24: =H10<3/1440 -> TRUE | I24: =I10<3/1440 -> TRUE | J24: =J10<3/1440 -> TRUE | ... Q24: =Q10<3/1440 -> TRUE
A25: 7900 | B25: Zwolle | C25: =C12<3/1440 -> TRUE | D25: =D12<3/1440 -> TRUE | E25: =E12<3/1440 -> TRUE | F25: =F12<3/1440 -> TRUE | G25: =G12<3/1440 -> TRUE | H25: =H12<3/1440 -> TRUE | I25: =I12<3/1440 -> TRUE | J25: =J12<3/1440 -> TRUE | ... Q25: =Q12<3/1440 -> TRUE
A26: Punctuality | C26: =COUNTIF(C16:C21,TRUE) / 6 -> 0.66666667 | D26: =COUNTIF(D16:D21,TRUE) / 6 -> 0.33333333 | E26: =COUNTIF(E16:E21,TRUE) / 6 -> 0.33333333 | F26: =COUNTIF(F16:F21,TRUE) / 6 -> 0.83333333 | G26: =COUNTIF(G16:G21,TRUE) / 6 -> 0.83333333 | H26: =COUNTIF(H16:H21,TRUE) / 6 -> 0.83333333 | I26: =COUNTIF(I16:I21,TRUE) / 6 -> 0.83333333 | J26: =COUNTIF(J16:J21,TRUE) / 6 -> 0.83333333 | ... Q26: =COUNTIF(Q16:Q21,TRUE) / 6 -> 1
A28: Diff ICE delay BB and Amf | C28: =C2-C1 -> -0.0020833333 | D28: =D2-D1 -> -0.0027777778 | E28: =E2-E1 -> -0.0029861111 | F28: =F2-F1 -> 0.0055324074 | G28: =G2-G1 -> 0.004837963 | H28: =H2-H1 -> 0.0041435185 | I28: =I2-I1 -> 0.0034490741 | J28: =J2-J1 -> 0.0027546296 | ... Q28: =Q2-Q1 -> 0.00023148148 | R28: Extra delay
A29: Diff ICE delay BB and Amf | C29: =C1-C2 -> 0.0020833333 | D29: =D1-D2 -> 0.0027777778 | E29: =E1-E2 -> 0.0029861111 | F29: =F1-F2 -> -0.0055324074 | G29: =G1-G2 -> -0.004837963 | H29: =H1-H2 -> -0.0041435185 | I29: =I1-I2 -> -0.0034490741 | J29: =J1-J2 -> -0.0027546296 | ... Q29: =Q1-Q2 -> -0.00023148148 | R29: Less delay
A31: Regional transfer | C31: =(C20+C21+C23+C24+C25)/5 -> 0.4 | D31: =(D20+D21+D23+D24+D25)/5 -> 0.4 | E31: =(E20+E21+E23+E24+E25)/5 -> 0.4 | F31: =(F20+F21+F23+F24+F25)/5 -> 1 | G31: =(G20+G21+G23+G24+G25)/5 -> 1 | H31: =(H20+H21+H23+H24+H25)/5 -> 1 | I31: =(I20+I21+I23+I24+I25)/5 -> 1 | J31: =(J20+J21+J23+J24+J25)/5 -> 1 | ... Q31: =(Q20+Q21+Q23+Q24+Q25)/5 -> 1

Sheet Stop Waits
A1: ICE Delay Odzg | C1: 0.0020833333 | D1: 0.0027777778 | E1: 0.0034722222 | F1: 0.0041666667 | G1: 0.0048611111 | H1: 0.0055555556 | I1: 0.00625 | J1: 0.0069444444 | K1: 0.0076388889 | L1: 0.0083333333 | M1: 0.0090277778 | N1: 0.0097222222 | O1: 0.010416667 | P1: 0.013888889 | Q1: 0.017361111 | R1: Originele vertrektijd Odzg = 09:56:06
A2: 140/240 | B2: Amersfoort | C2: 0 | D2: 0 | E2: 0.00046296296 | F2: 0.00016203704 | G2: 0.00085648148 | H2: 0.0019675926 | I2: 0.0022453704 | J2: 0.0096990741 | K2: 0.0096990741 | L2: 0.0096990741 | M2: 0.0096990741 | N2: 0.0096990741 | O2: 0.0096990741 | P2: 0.017592593 | Q2: 0.017592593 | R2: A140-late | T2: Originele aankomst Amf = 10:24:00
A3: 1700 | B3: Utrecht | C3: 0.00085648148 | D3: 0.0015740741 | E3: 0.0022685185 | F3: 0.002962963 | G3: 0.011365741 | H3: 0.011365741 | I3: 0.011365741 | J3: 0.0036805556 | K3: 0.0061111111 | L3: 0.0061111111 | M3: 0.011365741 | N3: 0.0061111111 | O3: 0.0037268519 | P3: 0.0015509259 | Q3: 0.0015509259 | R3: C1700-17
A4: 7000 | B4: Apeldoorn | C4: 0.00069444444 | D4: 0.0013888889 | E4: 0.0020833333 | F4: 0.0027777778 | G4: 0.0034722222 | H4: 0.0041666667 | I4: 0.0048611111 | J4: 0 | K4: 0 | L4: 0 | M4: 0 | N4: 0 | O4: 0 | P4: 0.0013657407 | Q4: 0.0013657407 | R4: A7000-15
A5: 31200 | B5: Goor | C5: 0.00055555556 | D5: 0.00125 | E5: 0.0028703704 | F5: 0.0028703704 | G5: 0.0033333333 | H5: 0.0040277778 | I5: 0.0047222222 | J5: 0.010162037 | K5: 0.010162037 | L5: 0.019675926 | M5: 0.019675926 | N5: 0.019675926 | O5: 0.019675926 | P5: 0.019675926 | Q5: 0.019675926 | R5: D31200-18
A6: 7900 | B6: Nijverdal | C6: 0 | D6: 0.00037037037 | E6: 0.0010648148 | F6: 0.0017592593 | G6: 0.0024537037 | H6: 0.0031481481 | I6: 0.0038425926 | J6: 0.004537037 | K6: 0.0052314815 | L6: 0.0052083333 | M6: 0.011435185 | N6: 0.0028009259 | O6: 0 | P6: 0 | Q6: 0 | R6: A7900-17
A7: 31300 | B7: Amersfoort | C7: 0 | D7: 0 | E7: 0 | F7: 0 | G7: 0 | H7: 0.00092592593 | I7: 0.0012037037 | J7: 0 | K7: 0 | L7: 0 | M7: 0 | N7: 0 | O7: 0 | P7: 0 | Q7: 0 | R7: A31300-19
A8: 3600 | B8: Zwolle | C8: 0.002337963 | D8: 0.0039814815 | E8: 0.0046759259 | F8: 0.0053703704 | G8: 0.0060648148 | H8: 0.00094907407 | I8: 0.00094907407 | J8: 0.00094907407 | K8: 0.00094907407 | L8: 0.00094907407 | M8: 0.00094907407 | N8: 0.00094907407 | O8: 0.00094907407 | P8: 0.00094907407 | Q8: 0.00094907407
A9: 20350 | B9: Hengelo | C9: 0 | D9: 0 | E9: 0 | F9: 0 | G9: 0 | H9: 0 | I9: 0 | J9: 0 | K9: 0 | L9: 0 | M9: 0 | N9: 0 | O9: 0.00069444444 | P9: 0 | Q9: 0 | R9: B36100-18
A10: 31200 | B10: Hengelo | C10: 0.0021990741 | D10: 0.0028935185 | E10: 0.003587963 | F10: 0.0042824074 | G10: 0.0049768519 | H10: 0.0056712963 | I10: 0.0063657407 | J10: 0.0070601852 | K10: 0.0077546296 | L10: 0.016041667 | M10: 0.013703704 | N10: 0.015069444 | O10: 0.015069444 | P10: 0.016203704 | Q10: 0.017476852
A11: 31200 | B11: Zutphen | C11: 0.00016203704 | D11: 0.00027777778 | E11: 0.001875 | F11: 0.001875 | G11: 0.002337963 | H11: 0.0030324074 | I11: 0.0081944444 | J11: 0.0091666667 | K11: 0.0091666667 | L11: 0.019259259 | M11: 0.019259259 | N11: 0.019259259 | O11: 0.019259259 | P11: 0.019259259 | Q11: 0.019259259
A12: 7900 | B12: Zwolle | C12: 0 | D12: 0 | E12: 0 | F12: 0 | G12: 0 | H12: 0 | I12: 2.3148148e-05 | J12: 0.00071759259 | K12: 0.001412037 | L12: 0.0013888889 | M12: 0.0076157407 | N12: 0 | O12: 0 | P12: 0 | Q12: 0
A13: Total delay all trains in the scope at the first hub outside the corridor | C13: =SUM(C3:C8) -> 0.0044444444 | D13: =SUM(D3:D8) -> 0.0085648148 | E13: =SUM(E3:E8) -> 0.012962963 | F13: =SUM(F3:F8) -> 0.015740741 | G13: =SUM(G3:G8) -> 0.026689815 | H13: =SUM(H3:H8) -> 0.024583333 | I13: =SUM(I3:I8) -> 0.026944444 | J13: =SUM(J3:J8) -> 0.019328704 | ... Q13: =SUM(Q3:Q8) -> 0.023541667
A15: 140/240 | B15: Amersfoort | C15: =C2<6/1440 -> TRUE | D15: =D2<6/1440 -> TRUE | E15: =E2<6/1440 -> TRUE | F15: =F2<6/1440 -> TRUE | G15: =G2<6/1440 -> TRUE | H15: =H2<6/1440 -> TRUE | I15: =I2<6/1440 -> TRUE | J15: =J2<6/1440 -> FALSE | ... Q15: =Q2<6/1440 -> FALSE
A16: 1700 | B16: Utrecht | C16: =C3<3/1440 -> TRUE | D16: =D3<3/1440 -> TRUE | E16: =E3<3/1440 -> FALSE | F16: =F3<3/1440 -> FALSE | G16: =G3<3/1440 -> FALSE | H16: =H3<3/1440 -> FALSE | I16: =I3<3/1440 -> FALSE | J16: =J3<3/1440 -> FALSE | ... Q16: =Q3<3/1440 -> TRUE
A17: 7000 | B17: Apeldoorn | C17: =C4<3/1440 -> TRUE | D17: =D4<3/1440 -> TRUE | E17: =E4<3/1440 -> FALSE | F17: =F4<3/1440 -> FALSE | G17: =G4<3/1440 -> FALSE | H17: =H4<3/1440 -> FALSE | I17: =I4<3/1440 -> FALSE | J17: =J4<3/1440 -> TRUE | ... Q17: =Q4<3/1440 -> TRUE
A18: 31200 | B18: Goor | C18: =C5<3/1440 -> TRUE | D18: =D5<3/1440 -> TRUE | E18: =E5<3/1440 -> FALSE | F18: =F5<3/1440 -> FALSE | G18: =G5<3/1440 -> FALSE | H18: =H5<3/1440 -> FALSE | I18: =I5<3/1440 -> FALSE | J18: =J5<3/1440 -> FALSE | ... Q18: =Q5<3/1440 -> FALSE
A19: 7900 | B19: Nijverdal | C19: =C6<3/1440 -> TRUE | D19: =D6<3/1440 -> TRUE | E19: =E6<3/1440 -> TRUE | F19: =F6<3/1440 -> TRUE | G19: =G6<3/1440 -> FALSE | H19: =H6<3/1440 -> FALSE | I19: =I6<3/1440 -> FALSE | J19: =J6<3/1440 -> FALSE | ... Q19: =Q6<3/1440 -> TRUE
A20: 31300 | B20: Amersfoort | C20: =C7<3/1440 -> TRUE | D20: =D7<3/1440 -> TRUE | E20: =E7<3/1440 -> TRUE | F20: =F7<3/1440 -> TRUE | G20: =G7<3/1440 -> TRUE | H20: =H7<3/1440 -> TRUE | I20: =I7<3/1440 -> TRUE | J20: =J7<3/1440 -> TRUE | ... Q20: =Q7<3/1440 -> TRUE
A21: 3600 | B21: Zwolle | C21: =C8<3/1440 -> FALSE | D21: =D8<3/1440 -> FALSE | E21: =E8<3/1440 -> FALSE | F21: =F8<3/1440 -> FALSE | G21: =G8<3/1440 -> FALSE | H21: =H8<3/1440 -> TRUE | I21: =I8<3/1440 -> TRUE | J21: =J8<3/1440 -> TRUE | ... Q21: =Q8<3/1440 -> TRUE
A22: 20350 | B22: Hengelo | C22: =C9<3/1440 -> TRUE | D22: =D9<3/1440 -> TRUE | E22: =E9<3/1440 -> TRUE | F22: =F9<3/1440 -> TRUE | G22: =G9<3/1440 -> TRUE | H22: =H9<3/1440 -> TRUE | I22: =I9<3/1440 -> TRUE | J22: =J9<3/1440 -> TRUE | ... Q22: =Q9<3/1440 -> TRUE
A23: 31200 | B23: Hengelo | C23: =C10<3/1440 -> FALSE | D23: =D10<3/1440 -> FALSE | E23: =E10<3/1440 -> FALSE | F23: =F10<3/1440 -> FALSE | G23: =G10<3/1440 -> FALSE | H23: =H10<3/1440 -> FALSE | I23: =I10<3/1440 -> FALSE | J23: =J10<3/1440 -> FALSE | ... Q23: =Q10<3/1440 -> FALSE
A24: 31200 | B24: Zutphen | C24: =C10<3/1440 -> FALSE | D24: =D10<3/1440 -> FALSE | E24: =E10<3/1440 -> FALSE | F24: =F10<3/1440 -> FALSE | G24: =G10<3/1440 -> FALSE | H24: =H10<3/1440 -> FALSE | I24: =I10<3/1440 -> FALSE | J24: =J10<3/1440 -> FALSE | ... Q24: =Q10<3/1440 -> FALSE
A25: 7900 | B25: Zwolle | C25: =C12<3/1440 -> TRUE | D25: =D12<3/1440 -> TRUE | E25: =E12<3/1440 -> TRUE | F25: =F12<3/1440 -> TRUE | G25: =G12<3/1440 -> TRUE | H25: =H12<3/1440 -> TRUE | I25: =I12<3/1440 -> TRUE | J25: =J12<3/1440 -> TRUE | ... Q25: =Q12<3/1440 -> TRUE
A26: Punctuality | C26: =COUNTIF(C16:C21,TRUE) / 6 -> 0.83333333 | D26: =COUNTIF(D16:D21,TRUE) / 6 -> 0.83333333 | E26: =COUNTIF(E16:E21,TRUE) / 6 -> 0.33333333 | F26: =COUNTIF(F16:F21,TRUE) / 6 -> 0.33333333 | G26: =COUNTIF(G16:G21,TRUE) / 6 -> 0.16666667 | H26: =COUNTIF(H16:H21,TRUE) / 6 -> 0.33333333 | I26: =COUNTIF(I16:I21,TRUE) / 6 -> 0.33333333 | J26: =COUNTIF(J16:J21,TRUE) / 6 -> 0.5 | ... Q26: =COUNTIF(Q16:Q21,TRUE) / 6 -> 0.83333333
A28: Diff ICE delay BB and Amf | C28: =C2-C1 -> -0.0020833333 | D28: =D2-D1 -> -0.0027777778 | E28: =E2-E1 -> -0.0030092593 | F28: =F2-F1 -> -0.0040046296 | G28: =G2-G1 -> -0.0040046296 | H28: =H2-H1 -> -0.003587963 | I28: =I2-I1 -> -0.0040046296 | J28: =J2-J1 -> 0.0027546296 | ... Q28: =Q2-Q1 -> 0.00023148148 | R28: Extra delay
A29: Diff ICE delay BB and Amf | C29: =C1-C2 -> 0.0020833333 | D29: =D1-D2 -> 0.0027777778 | E29: =E1-E2 -> 0.0030092593 | F29: =F1-F2 -> 0.0040046296 | G29: =G1-G2 -> 0.0040046296 | H29: =H1-H2 -> 0.003587963 | I29: =I1-I2 -> 0.0040046296 | J29: =J1-J2 -> -0.0027546296 | ... Q29: =Q1-Q2 -> -0.00023148148 | R29: Less delay
A31: Regional transfer | C31: =(C20+C21+C23+C24+C25)/5 -> 0.4 | D31: =(D20+D21+D23+D24+D25)/5 -> 0.4 | E31: =(E20+E21+E23+E24+E25)/5 -> 0.4 | F31: =(F20+F21+F23+F24+F25)/5 -> 0.4 | G31: =(G20+G21+G23+G24+G25)/5 -> 0.4 | H31: =(H20+H21+H23+H24+H25)/5 -> 0.6 | I31: =(I20+I21+I23+I24+I25)/5 -> 0.6 | J31: =(J20+J21+J23+J24+J25)/5 -> 0.6 | ... Q31: =(Q20+Q21+Q23+Q24+Q25)/5 -> 0.6

Sheet Remove stop Hengelo
A1: ICE Delay Odzg | C1: 0.0020833333 | D1: 0.0027777778 | E1: 0.0034722222 | F1: 0.0041666667 | G1: 0.0048611111 | H1: 0.0055555556 | I1: 0.00625 | J1: 0.0069444444 | K1: 0.0076388889 | L1: 0.0083333333 | M1: 0.0090277778 | N1: 0.0097222222 | O1: 0.010416667 | P1: 0.013888889 | Q1: 0.017361111 | R1: Originele vertrektijd Odzg = 09:56:06
A2: 140/240 | B2: Amersfoort | C2: 0 | D2: 0 | E2: 0 | F2: 0 | G2: 0.00041666667 | H2: 0.00046296296 | I2: 0.00092592593 | J2: 0.0096990741 | K2: 0.0096990741 | L2: 0.0096990741 | M2: 0.0096990741 | N2: 0.0096990741 | O2: 0.0096990741 | P2: 0.011435185 | Q2: 0.017592593 | R2: A140-late | T2: Originele aankomst Amf = 10:24:00
A3: 1700 | B3: Utrecht | C3: 0 | D3: 0.00011574074 | E3: 0.00083333333 | F3: 0.0016435185 | G3: 0.0032175926 | H3: 0.0032638889 | I3: 0.011365741 | J3: 0.0037268519 | K3: 0.0037268519 | L3: 0.0061111111 | M3: 0.0061111111 | N3: 0.0037268519 | O3: 0.0037268519 | P3: 0.0062037037 | Q3: 0.0015509259 | R3: C1700-17
A4: 7000 | B4: Apeldoorn | C4: 0 | D4: 6.9444444e-05 | E4: 0.00076388889 | F4: 0.0014583333 | G4: 0.0030324074 | H4: 0.0030787037 | I4: 0.0035416667 | J4: 0 | K4: 0 | L4: 0 | M4: 0 | N4: 0 | O4: 0 | P4: 0.0013657407 | Q4: 0.0013657407 | R4: A7000-15
A5: 31200 | B5: Goor | C5: 0.00055555556 | D5: 0.00125 | E5: 0.0028703704 | F5: 0.0028703704 | G5: 0 | H5: 0 | I5: 0 | J5: 0 | K5: 0 | L5: 0 | M5: 0 | N5: 0 | O5: 0 | P5: 0 | Q5: 0 | R5: D31200-18
A6: 7900 | B6: Nijverdal | C6: 0 | D6: 0.00037037037 | E6: 0.0010648148 | F6: 0.0017592593 | G6: 0.0012962963 | H6: 0.0013425926 | I6: 0.0018055556 | J6: 0.0025 | K6: 0.0031944444 | L6: 0.0038888889 | M6: 0.0045833333 | N6: 0.0015740741 | O6: 0.0021759259 | P6: 0 | Q6: 0 | R6: A7900-17
A7: 31300 | B7: Amersfoort | C7: 0 | D7: 0 | E7: 0 | F7: 0 | G7: 0 | H7: 0 | I7: 0 | J7: 0 | K7: 0 | L7: 0 | M7: 0 | N7: 0 | O7: 0 | P7: 0 | Q7: 0 | R7: A31300-19
A8: 3600 | B8: Zwolle | C8: 0.0010648148 | D8: 0.0017361111 | E8: 0.0024074074 | F8: 0.0040509259 | G8: 0.005625 | H8: 0.0056712963 | I8: 0.0061342593 | J8: 0.00094907407 | K8: 0.00094907407 | L8: 0.00094907407 | M8: 0.00094907407 | N8: 0.00094907407 | O8: 0.00094907407 | P8: 0.00094907407 | Q8: 0.00094907407
A9: 20350 | B9: Hengelo | C9: 0 | D9: 0 | E9: 0 | F9: 0 | G9: 0 | H9: 0 | I9: 0 | J9: 0 | K9: 0 | L9: 0 | M9: 0 | N9: 0 | O9: 0.00069444444 | P9: 0 | Q9: 0 | R9: B36100-18
A10: 31200 | B10: Hengelo | C10: 0.0021990741 | D10: 0.0028935185 | E10: 0.003587963 | F10: 0.0042824074 | G10: 0.00011574074 | H10: 0.00011574074 | I10: 0.00011574074 | J10: 0.00011574074 | K10: 0.00011574074 | L10: 0.00011574074 | M10: 0.00011574074 | N10: 0.00011574074 | O10: 0.00011574074 | P10: 0.00011574074 | Q10: 0.00011574074
A11: 31200 | B11: Zutphen | C11: 0.00016203704 | D11: 0.00027777778 | E11: 0.001875 | F11: 0.001875 | G11: 0.00016203704 | H11: 0.00016203704 | I11: 0.00016203704 | J11: 0.00016203704 | K11: 0.00016203704 | L11: 0.00016203704 | M11: 0.00016203704 | N11: 0.00016203704 | O11: 0.00016203704 | P11: 0.00016203704 | Q11: 0.00016203704
A12: 7900 | B12: Zwolle | C12: 0 | D12: 0 | E12: 0 | F12: 0 | G12: 0 | H12: 0 | I12: 0 | J12: 0 | K12: 0 | L12: 6.9444444e-05 | M12: 0.00076388889 | N12: 0 | O12: 0 | P12: 0 | Q12: 0
A13: Total delay all trains in the scope at the first hub outside the corridor | C13: =SUM(C3:C8) -> 0.0016203704 | D13: =SUM(D3:D8) -> 0.0035416667 | E13: =SUM(E3:E8) -> 0.0079398148 | F13: =SUM(F3:F8) -> 0.011782407 | G13: =SUM(G3:G8) -> 0.013171296 | H13: =SUM(H3:H8) -> 0.013356481 | I13: =SUM(I3:I8) -> 0.022847222 | J13: =SUM(J3:J8) -> 0.0071759259 | ... Q13: =SUM(Q3:Q8) -> 0.0038657407
A15: 140/240 | B15: Amersfoort | C15: =C2<6/1440 -> TRUE | D15: =D2<6/1440 -> TRUE | E15: =E2<6/1440 -> TRUE | F15: =F2<6/1440 -> TRUE | G15: =G2<6/1440 -> TRUE | H15: =H2<6/1440 -> TRUE | I15: =I2<6/1440 -> TRUE | J15: =J2<6/1440 -> FALSE | ... Q15: =Q2<6/1440 -> FALSE
A16: 1700 | B16: Utrecht | C16: =C3<3/1440 -> TRUE | D16: =D3<3/1440 -> TRUE | E16: =E3<3/1440 -> TRUE | F16: =F3<3/1440 -> TRUE | G16: =G3<3/1440 -> FALSE | H16: =H3<3/1440 -> FALSE | I16: =I3<3/1440 -> FALSE | J16: =J3<3/1440 -> FALSE | ... Q16: =Q3<3/1440 -> TRUE
A17: 7000 | B17: Apeldoorn | C17: =C4<3/1440 -> TRUE | D17: =D4<3/1440 -> TRUE | E17: =E4<3/1440 -> TRUE | F17: =F4<3/1440 -> TRUE | G17: =G4<3/1440 -> FALSE | H17: =H4<3/1440 -> FALSE | I17: =I4<3/1440 -> FALSE | J17: =J4<3/1440 -> TRUE | ... Q17: =Q4<3/1440 -> TRUE
A18: 31200 | B18: Goor | C18: =C5<3/1440 -> TRUE | D18: =D5<3/1440 -> TRUE | E18: =E5<3/1440 -> FALSE | F18: =F5<3/1440 -> FALSE | G18: =G5<3/1440 -> TRUE | H18: =H5<3/1440 -> TRUE | I18: =I5<3/1440 -> TRUE | J18: =J5<3/1440 -> TRUE | ... Q18: =Q5<3/1440 -> TRUE
A19: 7900 | B19: Nijverdal | C19: =C6<3/1440 -> TRUE | D19: =D6<3/1440 -> TRUE | E19: =E6<3/1440 -> TRUE | F19: =F6<3/1440 -> TRUE | G19: =G6<3/1440 -> TRUE | H19: =H6<3/1440 -> TRUE | I19: =I6<3/1440 -> TRUE | J19: =J6<3/1440 -> FALSE | ... Q19: =Q6<3/1440 -> TRUE
A20: 31300 | B20: Amersfoort | C20: =C7<3/1440 -> TRUE | D20: =D7<3/1440 -> TRUE | E20: =E7<3/1440 -> TRUE | F20: =F7<3/1440 -> TRUE | G20: =G7<3/1440 -> TRUE | H20: =H7<3/1440 -> TRUE | I20: =I7<3/1440 -> TRUE | J20: =J7<3/1440 -> TRUE | ... Q20: =Q7<3/1440 -> TRUE
A21: 3600 | B21: Zwolle | C21: =C8<3/1440 -> TRUE | D21: =D8<3/1440 -> TRUE | E21: =E8<3/1440 -> FALSE | F21: =F8<3/1440 -> FALSE | G21: =G8<3/1440 -> FALSE | H21: =H8<3/1440 -> FALSE | I21: =I8<3/1440 -> FALSE | J21: =J8<3/1440 -> TRUE | ... Q21: =Q8<3/1440 -> TRUE
A22: 20350 | B22: Hengelo | C22: =C9<3/1440 -> TRUE | D22: =D9<3/1440 -> TRUE | E22: =E9<3/1440 -> TRUE | F22: =F9<3/1440 -> TRUE | G22: =G9<3/1440 -> TRUE | H22: =H9<3/1440 -> TRUE | I22: =I9<3/1440 -> TRUE | J22: =J9<3/1440 -> TRUE | ... Q22: =Q9<3/1440 -> TRUE
A23: 31200 | B23: Hengelo | C23: =C10<3/1440 -> FALSE | D23: =D10<3/1440 -> FALSE | E23: =E10<3/1440 -> FALSE | F23: =F10<3/1440 -> FALSE | G23: =G10<3/1440 -> TRUE | H23: =H10<3/1440 -> TRUE | I23: =I10<3/1440 -> TRUE | J23: =J10<3/1440 -> TRUE | ... Q23: =Q10<3/1440 -> TRUE
A24: 31200 | B24: Zutphen | C24: =C11<3/1440 -> TRUE | D24: =D11<3/1440 -> TRUE | E24: =E11<3/1440 -> TRUE | F24: =F11<3/1440 -> TRUE | G24: =G11<3/1440 -> TRUE | H24: =H11<3/1440 -> TRUE | I24: =I11<3/1440 -> TRUE | J24: =J11<3/1440 -> TRUE | ... Q24: =Q11<3/1440 -> TRUE
A25: 7900 | B25: Zwolle | C25: =C12<3/1440 -> TRUE | D25: =D12<3/1440 -> TRUE | E25: =E12<3/1440 -> TRUE | F25: =F12<3/1440 -> TRUE | G25: =G12<3/1440 -> TRUE | H25: =H12<3/1440 -> TRUE | I25: =I12<3/1440 -> TRUE | J25: =J12<3/1440 -> TRUE | ... Q25: =Q12<3/1440 -> TRUE
A26: Punctuality | C26: =COUNTIF(C16:C21,TRUE) / 6 -> 1 | D26: =COUNTIF(D16:D21,TRUE) / 6 -> 1 | E26: =COUNTIF(E16:E21,TRUE) / 6 -> 0.66666667 | F26: =COUNTIF(F16:F21,TRUE) / 6 -> 0.66666667 | G26: =COUNTIF(G16:G21,TRUE) / 6 -> 0.5 | H26: =COUNTIF(H16:H21,TRUE) / 6 -> 0.5 | I26: =COUNTIF(I16:I21,TRUE) / 6 -> 0.5 | J26: =COUNTIF(J16:J21,TRUE) / 6 -> 0.66666667 | ... Q26: =COUNTIF(Q16:Q21,TRUE) / 6 -> 1
A28: Diff ICE delay BB and Amf | C28: =C2-C1 -> -0.0020833333 | D28: =D2-D1 -> -0.0027777778 | E28: =E2-E1 -> -0.0034722222 | F28: =F2-F1 -> -0.0041666667 | G28: =G2-G1 -> -0.0044444444 | H28: =H2-H1 -> -0.0050925926 | I28: =I2-I1 -> -0.0053240741 | J28: =J2-J1 -> 0.0027546296 | ... Q28: =Q2-Q1 -> 0.00023148148 | R28: Extra delay
A29: Diff ICE delay BB and Amf | C29: =C1-C2 -> 0.0020833333 | D29: =D1-D2 -> 0.0027777778 | E29: =E1-E2 -> 0.0034722222 | F29: =F1-F2 -> 0.0041666667 | G29: =G1-G2 -> 0.0044444444 | H29: =H1-H2 -> 0.0050925926 | I29: =I1-I2 -> 0.0053240741 | J29: =J1-J2 -> -0.0027546296 | ... Q29: =Q1-Q2 -> -0.00023148148 | R29: Less delay
A31: Regional transfer | C31: =(C20+C21+C23+C24+C25)/5 -> 0.8 | D31: =(D20+D21+D23+D24+D25)/5 -> 0.8 | E31: =(E20+E21+E23+E24+E25)/5 -> 0.6 | F31: =(F20+F21+F23+F24+F25)/5 -> 0.6 | G31: =(G20+G21+G23+G24+G25)/5 -> 0.8 | H31: =(H20+H21+H23+H24+H25)/5 -> 0.8 | I31: =(I20+I21+I23+I24+I25)/5 -> 0.8 | J31: =(J20+J21+J23+J24+J25)/5 -> 1 | ... Q31: =(Q20+Q21+Q23+Q24+Q25)/5 -> 1

Sheet Extra platform Hengelo
A1: ICE Delay Odzg | C1: 0.0020833333 | D1: 0.0027777778 | E1: 0.0034722222 | F1: 0.0041666667 | G1: 0.0048611111 | H1: 0.0055555556 | I1: 0.00625 | J1: 0.0069444444 | K1: 0.0076388889 | L1: 0.0083333333 | M1: 0.0090277778 | N1: 0.0097222222 | O1: 0.010416667 | P1: 0.013888889 | Q1: 0.017361111 | R1: Originele vertrektijd Odzg = 09:56:06
A2: 140/240 | B2: Amersfoort | C2: 0 | D2: 0 | E2: 0 | F2: 0.00016203704 | G2: 0.002037037 | H2: 0.0020601852 | I2: 0.0022453704 | J2: 0.0096990741 | K2: 0.0096990741 | L2: 0.0096990741 | M2: 0.0096990741 | N2: 0.0096990741 | O2: 0.0096990741 | P2: 0.017592593 | Q2: 0.017592593 | R2: A140-late | T2: Originele aankomst Amf = 10:24:00 | X2: 0.48469907
A3: 1700 | B3: Utrecht | C3: 0.00074074074 | D3: 0.0015509259 | E3: 0.0022685185 | F3: 0.002962963 | G3: 0.011365741 | H3: 0.011365741 | I3: 0.011365741 | J3: 0.0037268519 | K3: 0.0036805556 | L3: 0.0061111111 | M3: 0.011365741 | N3: 0.0061111111 | O3: 0.0037268519 | P3: 0.0015509259 | Q3: 0.0015509259 | R3: C1700-17
A4: 7000 | B4: Apeldoorn | C4: 0.00069444444 | D4: 0.0013888889 | E4: 0.0020833333 | F4: 0.0027777778 | G4: 0.0043518519 | H4: 0.0043981481 | I4: 0.0048611111 | J4: 0 | K4: 0 | L4: 0 | M4: 0 | N4: 0 | O4: 0 | P4: 0.0013657407 | Q4: 0.0013657407 | R4: A7000-15
A5: 31200 | B5: Goor | C5: 0.00055555556 | D5: 0.00125 | E5: 0.0028703704 | F5: 0.0028703704 | G5: 0 | H5: 0 | I5: 0 | J5: 0 | K5: 0 | L5: 0 | M5: 0 | N5: 0 | O5: 0 | P5: 0 | Q5: 0 | R5: D31200-18
A6: 7900 | B6: Nijverdal | C6: 0 | D6: 0.00037037037 | E6: 0.0010648148 | F6: 0.0017592593 | G6: 0.0026157407 | H6: 0.002662037 | I6: 0.0032407407 | J6: 0.0039351852 | K6: 0.0045138889 | L6: 0.0052083333 | M6: 0.011435185 | N6: 0.0028009259 | O6: 0 | P6: 0 | Q6: 0 | R6: A7900-17
A7: 31300 | B7: Amersfoort | C7: 0 | D7: 0 | E7: 0 | F7: 0 | G7: 0.00099537037 | H7: 0.0010185185 | I7: 0.0012037037 | J7: 0 | K7: 0 | L7: 0 | M7: 0 | N7: 0 | O7: 0 | P7: 0 | Q7: 0 | R7: A31300-19
A8: 3600 | B8: Zwolle | C8: 0.002337963 | D8: 0.0039814815 | E8: 0.0046759259 | F8: 0.0053703704 | G8: 0.00094907407 | H8: 0.00094907407 | I8: 0.00094907407 | J8: 0.00094907407 | K8: 0.00094907407 | L8: 0.00094907407 | M8: 0.00094907407 | N8: 0.00094907407 | O8: 0.00094907407 | P8: 0.00094907407 | Q8: 0.00094907407
A9: 20350 | B9: Hengelo | C9: 0 | D9: 0 | E9: 0 | F9: 0 | G9: 0 | H9: 0 | I9: 0 | J9: 0 | K9: 0 | L9: 0 | M9: 0 | N9: 0 | O9: 0.00069444444 | P9: 0 | Q9: 0 | R9: B36100-18
A10: 31200 | B10: Hengelo | C10: 0.0021990741 | D10: 0.0028935185 | E10: 0.003587963 | F10: 0.0042824074 | G10: 0.00011574074 | H10: 0.00011574074 | I10: 0.00011574074 | J10: 0.00011574074 | K10: 0.00011574074 | L10: 0.00011574074 | M10: 0.00011574074 | N10: 0.00011574074 | O10: 0.00011574074 | P10: 0.00011574074 | Q10: 0.00011574074
A11: 31200 | B11: Zutphen | C11: 0.00016203704 | D11: 0.00027777778 | E11: 0.001875 | F11: 0.001875 | G11: 0.00016203704 | H11: 0.00016203704 | I11: 0.00016203704 | J11: 0.00016203704 | K11: 0.00016203704 | L11: 0.00016203704 | M11: 0.00016203704 | N11: 0.00016203704 | O11: 0.00016203704 | P11: 0.00016203704 | Q11: 0.00016203704
A12: 7900 | B12: Zwolle | C12: 0 | D12: 0 | E12: 0 | F12: 0 | G12: 0 | H12: 0 | I12: 0 | J12: 0 | K12: 0.00069444444 | L12: 0.0013888889 | M12: 0.0076157407 | N12: 0 | O12: 0 | P12: 0 | Q12: 0
A13: Total delay all trains in the scope at the first hub outside the corridor | C13: =SUM(C3:C8) -> 0.0043287037 | D13: =SUM(D3:D8) -> 0.0085416667 | E13: =SUM(E3:E8) -> 0.012962963 | F13: =SUM(F3:F8) -> 0.015740741 | G13: =SUM(G3:G8) -> 0.020277778 | H13: =SUM(H3:H8) -> 0.020393519 | I13: =SUM(I3:I8) -> 0.02162037 | J13: =SUM(J3:J8) -> 0.0086111111 | ... Q13: =SUM(Q3:Q8) -> 0.0038657407
A15: 140/240 | B15: Amersfoort | C15: =C2<6/1440 -> TRUE | D15: =D2<6/1440 -> TRUE | E15: =E2<6/1440 -> TRUE | F15: =F2<6/1440 -> TRUE | G15: =G2<6/1440 -> TRUE | H15: =H2<6/1440 -> TRUE | I15: =I2<6/1440 -> TRUE | J15: =J2<6/1440 -> FALSE | ... Q15: =Q2<6/1440 -> FALSE
A16: 1700 | B16: Utrecht | C16: =C3<3/1440 -> TRUE | D16: =D3<3/1440 -> TRUE | E16: =E3<3/1440 -> FALSE | F16: =F3<3/1440 -> FALSE | G16: =G3<3/1440 -> FALSE | H16: =H3<3/1440 -> FALSE | I16: =I3<3/1440 -> FALSE | J16: =J3<3/1440 -> FALSE | ... Q16: =Q3<3/1440 -> TRUE
A17: 7000 | B17: Apeldoorn | C17: =C4<3/1440 -> TRUE | D17: =D4<3/1440 -> TRUE | E17: =E4<3/1440 -> FALSE | F17: =F4<3/1440 -> FALSE | G17: =G4<3/1440 -> FALSE | H17: =H4<3/1440 -> FALSE | I17: =I4<3/1440 -> FALSE | J17: =J4<3/1440 -> TRUE | ... Q17: =Q4<3/1440 -> TRUE
A18: 31200 | B18: Goor | C18: =C5<3/1440 -> TRUE | D18: =D5<3/1440 -> TRUE | E18: =E5<3/1440 -> FALSE | F18: =F5<3/1440 -> FALSE | G18: =G5<3/1440 -> TRUE | H18: =H5<3/1440 -> TRUE | I18: =I5<3/1440 -> TRUE | J18: =J5<3/1440 -> TRUE | ... Q18: =Q5<3/1440 -> TRUE
A19: 7900 | B19: Nijverdal | C19: =C6<3/1440 -> TRUE | D19: =D6<3/1440 -> TRUE | E19: =E6<3/1440 -> TRUE | F19: =F6<3/1440 -> TRUE | G19: =G6<3/1440 -> FALSE | H19: =H6<3/1440 -> FALSE | I19: =I6<3/1440 -> FALSE | J19: =J6<3/1440 -> FALSE | ... Q19: =Q6<3/1440 -> TRUE
A20: 31300 | B20: Amersfoort | C20: =C7<3/1440 -> TRUE | D20: =D7<3/1440 -> TRUE | E20: =E7<3/1440 -> TRUE | F20: =F7<3/1440 -> TRUE | G20: =G7<3/1440 -> TRUE | H20: =H7<3/1440 -> TRUE | I20: =I7<3/1440 -> TRUE | J20: =J7<3/1440 -> TRUE | ... Q20: =Q7<3/1440 -> TRUE
A21: 3600 | B21: Zwolle | C21: =C8<3/1440 -> FALSE | D21: =D8<3/1440 -> FALSE | E21: =E8<3/1440 -> FALSE | F21: =F8<3/1440 -> FALSE | G21: =G8<3/1440 -> TRUE | H21: =H8<3/1440 -> TRUE | I21: =I8<3/1440 -> TRUE | J21: =J8<3/1440 -> TRUE | ... Q21: =Q8<3/1440 -> TRUE
A22: 20350 | B22: Hengelo | C22: =C9<3/1440 -> TRUE | D22: =D9<3/1440 -> TRUE | E22: =E9<3/1440 -> TRUE | F22: =F9<3/1440 -> TRUE | G22: =G9<3/1440 -> TRUE | H22: =H9<3/1440 -> TRUE | I22: =I9<3/1440 -> TRUE | J22: =J9<3/1440 -> TRUE | ... Q22: =Q9<3/1440 -> TRUE
A23: 31200 | B23: Hengelo | C23: =C10<3/1440 -> FALSE | D23: =D10<3/1440 -> FALSE | E23: =E10<3/1440 -> FALSE | F23: =F10<3/1440 -> FALSE | G23: =G10<3/1440 -> TRUE | H23: =H10<3/1440 -> TRUE | I23: =I10<3/1440 -> TRUE | J23: =J10<3/1440 -> TRUE | ... Q23: =Q10<3/1440 -> TRUE
A24: 31200 | B24: Zutphen | C24: =C11<3/1440 -> TRUE | D24: =D11<3/1440 -> TRUE | E24: =E11<3/1440 -> TRUE | F24: =F11<3/1440 -> TRUE | G24: =G11<3/1440 -> TRUE | H24: =H11<3/1440 -> TRUE | I24: =I11<3/1440 -> TRUE | J24: =J11<3/1440 -> TRUE | ... Q24: =Q11<3/1440 -> TRUE
A25: 7900 | B25: Zwolle | C25: =C12<3/1440 -> TRUE | D25: =D12<3/1440 -> TRUE | E25: =E12<3/1440 -> TRUE | F25: =F12<3/1440 -> TRUE | G25: =G12<3/1440 -> TRUE | H25: =H12<3/1440 -> TRUE | I25: =I12<3/1440 -> TRUE | J25: =J12<3/1440 -> TRUE | ... Q25: =Q12<3/1440 -> TRUE
A26: Punctuality | C26: =COUNTIF(C16:C21,TRUE) / 6 -> 0.83333333 | D26: =COUNTIF(D16:D21,TRUE) / 6 -> 0.83333333 | E26: =COUNTIF(E16:E21,TRUE) / 6 -> 0.33333333 | F26: =COUNTIF(F16:F21,TRUE) / 6 -> 0.33333333 | G26: =COUNTIF(G16:G21,TRUE) / 6 -> 0.5 | H26: =COUNTIF(H16:H21,TRUE) / 6 -> 0.5 | I26: =COUNTIF(I16:I21,TRUE) / 6 -> 0.5 | J26: =COUNTIF(J16:J21,TRUE) / 6 -> 0.66666667 | ... Q26: =COUNTIF(Q16:Q21,TRUE) / 6 -> 1
A28: Diff ICE delay BB and Amf | C28: =C2-C1 -> -0.0020833333 | D28: =D2-D1 -> -0.0027777778 | E28: =E2-E1 -> -0.0034722222 | F28: =F2-F1 -> -0.0040046296 | G28: =G2-G1 -> -0.0028240741 | H28: =H2-H1 -> -0.0034953704 | I28: =I2-I1 -> -0.0040046296 | J28: =J2-J1 -> 0.0027546296 | ... Q28: =Q2-Q1 -> 0.00023148148 | R28: Extra delay
A29: Diff ICE delay BB and Amf | C29: =C1-C2 -> 0.0020833333 | D29: =D1-D2 -> 0.0027777778 | E29: =E1-E2 -> 0.0034722222 | F29: =F1-F2 -> 0.0040046296 | G29: =G1-G2 -> 0.0028240741 | H29: =H1-H2 -> 0.0034953704 | I29: =I1-I2 -> 0.0040046296 | J29: =J1-J2 -> -0.0027546296 | ... Q29: =Q1-Q2 -> -0.00023148148 | R29: Less delay
A31: Regional transfer | C31: =(C20+C21+C23+C24+C25)/5 -> 0.6 | D31: =(D20+D21+D23+D24+D25)/5 -> 0.6 | E31: =(E20+E21+E23+E24+E25)/5 -> 0.6 | F31: =(F20+F21+F23+F24+F25)/5 -> 0.6 | G31: =(G20+G21+G23+G24+G25)/5 -> 1 | H31: =(H20+H21+H23+H24+H25)/5 -> 1 | I31: =(I20+I21+I23+I24+I25)/5 -> 1 | J31: =(J20+J21+J23+J24+J25)/5 -> 1 | ... Q31: =(Q20+Q21+Q23+Q24+Q25)/5 -> 1

Sheet Short-turn Hengelo
A1: ICE Delay Odzg | C1: 0.0020833333 | D1: 0.0027777778 | E1: 0.0034722222 | F1: 0.0041666667 | G1: 0.0048611111 | H1: 0.0055555556 | I1: 0.00625 | J1: 0.0069444444 | K1: 0.0076388889 | L1: 0.0083333333 | M1: 0.0090277778 | N1: 0.0097222222 | O1: 0.010416667 | P1: 0.013888889 | Q1: 0.017361111 | R1: Originele vertrektijd Odzg = 09:56:06
A2: 140/240 | B2: Amersfoort | C2: - | D2: - | E2: - | F2: - | G2: - | H2: - | I2: - | J2: - | K2: - | L2: - | M2: - | N2: - | O2: - | P2: - | Q2: - | R2: A140-late | T2: ICE arriveert nooit in Amersfoort
A3: 1700 | B3: Utrecht | C3: 0.0018518519 | D3: 0.0018518519 | E3: 0.001087963 | F3: 0.0015277778 | G3: 0.011365741 | H3: 0.011365741 | I3: 0.011365741 | J3: 0.0020833333 | K3: 0.0020833333 | L3: 0.011365741 | M3: 0.011365741 | N3: 0.011365741 | O3: 0.011365741 | P3: 0.0015509259 | Q3: 0.0015509259 | R3: C1700-17
A4: 7000 | B4: Apeldoorn | C4: 0.0016666667 | D4: 0.0016666667 | E4: 0.00092592593 | F4: 0.0013657407 | G4: 0 | H4: 0 | I4: 0 | J4: 0 | K4: 0 | L4: 0 | M4: 0 | N4: 0 | O4: 0 | P4: 0.0013657407 | Q4: 0.0013657407 | R4: A7000-15
A5: 31200 | B5: Goor | C5: 0.00043981481 | D5: 0.00125 | E5: 0.0028703704 | F5: 0.0028703704 | G5: 0 | H5: 0 | I5: 0 | J5: 0 | K5: 0 | L5: 0 | M5: 0 | N5: 0 | O5: 0 | P5: 0 | Q5: 0 | R5: D31200-18
A6: 7900 | B6: Nijverdal | C6: 0 | D6: 0.00037037037 | E6: 0.0010648148 | F6: 0.0017592593 | G6: 0 | H6: 0 | I6: 0 | J6: 0 | K6: 0 | L6: 0 | M6: 0 | N6: 0 | O6: 0 | P6: 0 | Q6: 0 | R6: A7900-17
A7: 31300 | B7: Amersfoort | C7: 0 | D7: 0 | E7: 0 | F7: 0 | G7: 0 | H7: 0 | I7: 0 | J7: 0 | K7: 0 | L7: 0 | M7: 0 | N7: 0 | O7: 0 | P7: 0 | Q7: 0 | R7: A31300-19
A8: 3600 | B8: Zwolle | C8: 0.00094907407 | D8: 0.00094907407 | E8: 0.00094907407 | F8: 0.00094907407 | G8: 0.00094907407 | H8: 0.00094907407 | I8: 0.00094907407 | J8: 0.00094907407 | K8: 0.00094907407 | L8: 0.00094907407 | M8: 0.00094907407 | N8: 0.00094907407 | O8: 0.00094907407 | P8: 0.00094907407 | Q8: 0.00094907407
A9: 20350 | B9: Hengelo | C9: 0 | D9: 0 | E9: 0 | F9: 0 | G9: 0 | H9: 0 | I9: 0 | J9: 0 | K9: 0 | L9: 0 | M9: 0 | N9: 0 | O9: 0.00069444444 | P9: 0 | Q9: 0 | R9: B36100-18
A10: 31200 | B10: Hengelo | C10: 0.0023148148 | D10: 0.0028935185 | E10: 0.003587963 | F10: 0.0042824074 | G10: 0.00011574074 | H10: 0.00011574074 | I10: 0.00011574074 | J10: 0.00011574074 | K10: 0.00011574074 | L10: 0.00011574074 | M10: 0.00011574074 | N10: 0.00011574074 | O10: 0.00011574074 | P10: 0.00011574074 | Q10: 0.00011574074
A11: 31200 | B11: Zutphen | C11: 0.00016203704 | D11: 0.00027777778 | E11: 0.001875 | F11: 0.001875 | G11: 0.00016203704 | H11: 0.00016203704 | I11: 0.00016203704 | J11: 0.00016203704 | K11: 0.00016203704 | L11: 0.00016203704 | M11: 0.00016203704 | N11: 0.00016203704 | O11: 0.00016203704 | P11: 0.00016203704 | Q11: 0.00016203704
A12: 7900 | B12: Zwolle | C12: 0 | D12: 0 | E12: 0 | F12: 0 | G12: 0 | H12: 0 | I12: 0 | J12: 0 | K12: 0 | L12: 0 | M12: 0 | N12: 0 | O12: 0 | P12: 0 | Q12: 0
A13: Total delay all trains in the scope at the first hub outside the corridor | C13: =SUM(C3:C8) -> 0.0049074074 | D13: =SUM(D3:D8) -> 0.006087963 | E13: =SUM(E3:E8) -> 0.0068981481 | F13: =SUM(F3:F8) -> 0.0084722222 | G13: =SUM(G3:G8) -> 0.012314815 | H13: =SUM(H3:H8) -> 0.012314815 | I13: =SUM(I3:I8) -> 0.012314815 | J13: =SUM(J3:J8) -> 0.0030324074 | ... Q13: =SUM(Q3:Q8) -> 0.0038657407
A15: 140/240 | B15: Amersfoort | C15: =C2<6/1440 -> FALSE | D15: =D2<6/1440 -> FALSE | E15: =E2<6/1440 -> FALSE | F15: =F2<6/1440 -> FALSE | G15: =G2<6/1440 -> FALSE | H15: =H2<6/1440 -> FALSE | I15: =I2<6/1440 -> FALSE | J15: =J2<6/1440 -> FALSE | ... Q15: =Q2<6/1440 -> FALSE
A16: 1700 | B16: Utrecht | C16: =C3<3/1440 -> TRUE | D16: =D3<3/1440 -> TRUE | E16: =E3<3/1440 -> TRUE | F16: =F3<3/1440 -> TRUE | G16: =G3<3/1440 -> FALSE | H16: =H3<3/1440 -> FALSE | I16: =I3<3/1440 -> FALSE | J16: =J3<3/1440 -> FALSE | ... Q16: =Q3<3/1440 -> TRUE
A17: 7000 | B17: Apeldoorn | C17: =C4<3/1440 -> TRUE | D17: =D4<3/1440 -> TRUE | E17: =E4<3/1440 -> TRUE | F17: =F4<3/1440 -> TRUE | G17: =G4<3/1440 -> TRUE | H17: =H4<3/1440 -> TRUE | I17: =I4<3/1440 -> TRUE | J17: =J4<3/1440 -> TRUE | ... Q17: =Q4<3/1440 -> TRUE
A18: 31200 | B18: Goor | C18: =C5<3/1440 -> TRUE | D18: =D5<3/1440 -> TRUE | E18: =E5<3/1440 -> FALSE | F18: =F5<3/1440 -> FALSE | G18: =G5<3/1440 -> TRUE | H18: =H5<3/1440 -> TRUE | I18: =I5<3/1440 -> TRUE | J18: =J5<3/1440 -> TRUE | ... Q18: =Q5<3/1440 -> TRUE
A19: 7900 | B19: Nijverdal | C19: =C6<3/1440 -> TRUE | D19: =D6<3/1440 -> TRUE | E19: =E6<3/1440 -> TRUE | F19: =F6<3/1440 -> TRUE | G19: =G6<3/1440 -> TRUE | H19: =H6<3/1440 -> TRUE | I19: =I6<3/1440 -> TRUE | J19: =J6<3/1440 -> TRUE | ... Q19: =Q6<3/1440 -> TRUE
A20: 31300 | B20: Amersfoort | C20: =C7<3/1440 -> TRUE | D20: =D7<3/1440 -> TRUE | E20: =E7<3/1440 -> TRUE | F20: =F7<3/1440 -> TRUE | G20: =G7<3/1440 -> TRUE | H20: =H7<3/1440 -> TRUE | I20: =I7<3/1440 -> TRUE | J20: =J7<3/1440 -> TRUE | ... Q20: =Q7<3/1440 -> TRUE
A21: 3600 | B21: Zwolle | C21: =C8<3/1440 -> TRUE | D21: =D8<3/1440 -> TRUE | E21: =E8<3/1440 -> TRUE | F21: =F8<3/1440 -> TRUE | G21: =G8<3/1440 -> TRUE | H21: =H8<3/1440 -> TRUE | I21: =I8<3/1440 -> TRUE | J21: =J8<3/1440 -> TRUE | ... Q21: =Q8<3/1440 -> TRUE
A22: 20350 | B22: Hengelo | C22: =C9<3/1440 -> TRUE | D22: =D9<3/1440 -> TRUE | E22: =E9<3/1440 -> TRUE | F22: =F9<3/1440 -> TRUE | G22: =G9<3/1440 -> TRUE | H22: =H9<3/1440 -> TRUE | I22: =I9<3/1440 -> TRUE | J22: =J9<3/1440 -> TRUE | ... Q22: =Q9<3/1440 -> TRUE
A23: 31200 | B23: Hengelo | C23: =C10<3/1440 -> FALSE | D23: =D10<3/1440 -> FALSE | E23: =E10<3/1440 -> FALSE | F23: =F10<3/1440 -> FALSE | G23: =G10<3/1440 -> TRUE | H23: =H10<3/1440 -> TRUE | I23: =I10<3/1440 -> TRUE | J23: =J10<3/1440 -> TRUE | ... Q23: =Q10<3/1440 -> TRUE
A24: 31200 | B24: Zutphen | C24: =C10<3/1440 -> FALSE | D24: =D10<3/1440 -> FALSE | E24: =E10<3/1440 -> FALSE | F24: =F10<3/1440 -> FALSE | G24: =G10<3/1440 -> TRUE | H24: =H10<3/1440 -> TRUE | I24: =I10<3/1440 -> TRUE | J24: =J10<3/1440 -> TRUE | ... Q24: =Q10<3/1440 -> TRUE
A25: 7900 | B25: Zwolle | C25: =C12<3/1440 -> TRUE | D25: =D12<3/1440 -> TRUE | E25: =E12<3/1440 -> TRUE | F25: =F12<3/1440 -> TRUE | G25: =G12<3/1440 -> TRUE | H25: =H12<3/1440 -> TRUE | I25: =I12<3/1440 -> TRUE | J25: =J12<3/1440 -> TRUE | ... Q25: =Q12<3/1440 -> TRUE
A26: Punctuality | C26: =COUNTIF(C16:C21,TRUE) / 6 -> 1 | D26: =COUNTIF(D16:D21,TRUE) / 6 -> 1 | E26: =COUNTIF(E16:E21,TRUE) / 6 -> 0.83333333 | F26: =COUNTIF(F16:F21,TRUE) / 6 -> 0.83333333 | G26: =COUNTIF(G16:G21,TRUE) / 6 -> 0.83333333 | H26: =COUNTIF(H16:H21,TRUE) / 6 -> 0.83333333 | I26: =COUNTIF(I16:I21,TRUE) / 6 -> 0.83333333 | J26: =COUNTIF(J16:J21,TRUE) / 6 -> 0.83333333 | ... Q26: =COUNTIF(Q16:Q21,TRUE) / 6 -> 1
A28: Diff ICE delay BB and Amf | C28: N/A | D28: N/A | E28: N/A | F28: N/A | G28: N/A | H28: N/A | I28: N/A | J28: N/A | K28: N/A | L28: N/A | M28: N/A | N28: N/A | O28: N/A | P28: N/A | Q28: N/A | R28: Extra delay
A29: Diff ICE delay BB and Amf | C29: =C1-C2 -> #VALUE! | D29: =D1-D2 -> #VALUE! | E29: =E1-E2 -> #VALUE! | F29: =F1-F2 -> #VALUE! | G29: =G1-G2 -> #VALUE! | H29: =H1-H2 -> #VALUE! | I29: =I1-I2 -> #VALUE! | J29: =J1-J2 -> #VALUE! | ... Q29: =Q1-Q2 -> #VALUE! | R29: Less delay
A31: Regional transfer | C31: =(C20+C21+C23+C24+C25)/5 -> 0.6 | D31: =(D20+D21+D23+D24+D25)/5 -> 0.6 | E31: =(E20+E21+E23+E24+E25)/5 -> 0.6 | F31: =(F20+F21+F23+F24+F25)/5 -> 0.6 | G31: =(G20+G21+G23+G24+G25)/5 -> 1 | H31: =(H20+H21+H23+H24+H25)/5 -> 1 | I31: =(I20+I21+I23+I24+I25)/5 -> 1 | J31: =(J20+J21+J23+J24+J25)/5 -> 1 | ... Q31: =(Q20+Q21+Q23+Q24+Q25)/5 -> 1

Sheet Overtake Rijssen
A1: ICE Delay Odzg | C1: 0.0020833333 | D1: 0.0027777778 | E1: 0.0034722222 | F1: 0.0041666667 | G1: 0.0048611111 | H1: 0.0055555556 | I1: 0.00625 | J1: 0.0069444444 | K1: 0.0076388889 | L1: 0.0083333333 | M1: 0.0090277778 | N1: 0.0097222222 | O1: 0.010416667 | P1: 0.013888889 | Q1: 0.017361111 | R1: Originele vertrektijd Odzg = 09:56:06
A2: 140/240 | B2: Amersfoort | C2: 0 | D2: 0 | E2: 0 | F2: 0.00016203704 | G2: 0.0078240741 | H2: 0.0078240741 | I2: 0.0078240741 | J2: 0.0078240741 | K2: 0.0078240741 | L2: 0.0078240741 | M2: 0.0078240741 | N2: 0.0078240741 | O2: 0.0078240741 | P2: 0.017476852 | Q2: 0.018240741 | R2: A140-late | T2: Originele aankomst Amf = 10:24:00
A3: 1700 | B3: Utrecht | C3: 0.011365741 | D3: 0.011365741 | E3: 0.011365741 | F3: 0.011365741 | G3: 0.011365741 | H3: 0.011365741 | I3: 0.011365741 | J3: 0.011365741 | K3: 0.011365741 | L3: 0.011365741 | M3: 0.011365741 | N3: 0.011365741 | O3: 0.011365741 | P3: 0 | Q3: 0 | R3: C1700-17
A4: 7000 | B4: Apeldoorn | C4: 0.0034027778 | D4: 0.0034027778 | E4: 0.0034259259 | F4: 0.0037962963 | G4: 0.005625 | H4: 0.005625 | I4: 0.005625 | J4: 0.005625 | K4: 0.005625 | L4: 0.005625 | M4: 0.0056018519 | N4: 0.005462963 | O4: 0.0059259259 | P4: 0.014837963 | Q4: 0.022592593 | R4: A7000-15
A5: 31200 | B5: Goor | C5: 0.0006712963 | D5: 0.00125 | E5: 0.0028703704 | F5: 0.0028703704 | G5: 0 | H5: 0 | I5: 0 | J5: 0 | K5: 0 | L5: 0 | M5: 0 | N5: 0 | O5: 0 | P5: 0 | Q5: 0 | R5: D31200-18
A6: 7900 | B6: Nijverdal | C6: 0 | D6: 0.00037037037 | E6: 0.0010648148 | F6: 0.0017592593 | G6: 0.0016203704 | H6: 0.0016203704 | I6: 0.0016203704 | J6: 0.0016203704 | K6: 0.0016203704 | L6: 0.0015277778 | M6: 0.0021064815 | N6: 0.0028009259 | O6: 0.0034953704 | P6: 0 | Q6: 0 | R6: A7900-17
A7: 31300 | B7: Amersfoort | C7: 0 | D7: 0 | E7: 0 | F7: 0 | G7: 0 | H7: 0 | I7: 0 | J7: 0 | K7: 0 | L7: 0 | M7: 0 | N7: 0 | O7: 0 | P7: 0 | Q7: 0 | R7: A31300-19
A8: 3600 | B8: Zwolle | C8: 0.0042592593 | D8: 0.0042592593 | E8: 0.0046759259 | F8: 0.0053703704 | G8: 0.00094907407 | H8: 0.00094907407 | I8: 0.00094907407 | J8: 0.00094907407 | K8: 0.00094907407 | L8: 0.00094907407 | M8: 0.00094907407 | N8: 0.00094907407 | O8: 0.00094907407 | P8: 0.00094907407 | Q8: 0.00094907407
A9: 20350 | B9: Hengelo | C9: 0 | D9: 0 | E9: 0 | F9: 0 | G9: 0 | H9: 0 | I9: 0 | J9: 0 | K9: 0 | L9: 0 | M9: 0 | N9: 0 | O9: 0.00069444444 | P9: 0.00069444444 | Q9: 0 | R9: B36100-18
A10: 31200 | B10: Hengelo | C10: 0.0023148148 | D10: 0.0028935185 | E10: 0.003587963 | F10: 0.0042824074 | G10: 0.00011574074 | H10: 0.00011574074 | I10: 0.00011574074 | J10: 0.00011574074 | K10: 0.00011574074 | L10: 0.00011574074 | M10: 0.00011574074 | N10: 0.00011574074 | O10: 0.00011574074 | P10: 0.00011574074 | Q10: 0.00011574074
A11: 31200 | B11: Zutphen | C11: 0.00016203704 | D11: 0.00027777778 | E11: 0.001875 | F11: 0.001875 | G11: 0.00016203704 | H11: 0.00016203704 | I11: 0.00016203704 | J11: 0.00016203704 | K11: 0.00016203704 | L11: 0.00016203704 | M11: 0.00016203704 | N11: 0.00016203704 | O11: 0.00016203704 | P11: 0.00016203704 | Q11: 0.00016203704
A12: 7900 | B12: Zwolle | C12: 0 | D12: 0 | E12: 0 | F12: 0 | G12: 0 | H12: 0 | I12: 0 | J12: 0 | K12: 0 | L12: 0 | M12: 0 | N12: 0 | O12: 0 | P12: 0 | Q12: 0
A13: Total delay all trains in the scope at the first hub outside the corridor | C13: =SUM(C3:C8) -> 0.019699074 | D13: =SUM(D3:D8) -> 0.020648148 | E13: =SUM(E3:E8) -> 0.023402778 | F13: =SUM(F3:F8) -> 0.025162037 | G13: =SUM(G3:G8) -> 0.019560185 | H13: =SUM(H3:H8) -> 0.019560185 | I13: =SUM(I3:I8) -> 0.019560185 | J13: =SUM(J3:J8) -> 0.019560185 | ... Q13: =SUM(Q3:Q8) -> 0.023541667
A15: 140/240 | B15: Amersfoort | C15: =C2<6/1440 -> TRUE | D15: =D2<6/1440 -> TRUE | E15: =E2<6/1440 -> TRUE | F15: =F2<6/1440 -> TRUE | G15: =G2<6/1440 -> FALSE | H15: =H2<6/1440 -> FALSE | I15: =I2<6/1440 -> FALSE | J15: =J2<6/1440 -> FALSE | ... Q15: =Q2<6/1440 -> FALSE
A16: 1700 | B16: Utrecht | C16: =C3<3/1440 -> FALSE | D16: =D3<3/1440 -> FALSE | E16: =E3<3/1440 -> FALSE | F16: =F3<3/1440 -> FALSE | G16: =G3<3/1440 -> FALSE | H16: =H3<3/1440 -> FALSE | I16: =I3<3/1440 -> FALSE | J16: =J3<3/1440 -> FALSE | ... Q16: =Q3<3/1440 -> TRUE
A17: 7000 | B17: Apeldoorn | C17: =C4<3/1440 -> FALSE | D17: =D4<3/1440 -> FALSE | E17: =E4<3/1440 -> FALSE | F17: =F4<3/1440 -> FALSE | G17: =G4<3/1440 -> FALSE | H17: =H4<3/1440 -> FALSE | I17: =I4<3/1440 -> FALSE | J17: =J4<3/1440 -> FALSE | ... Q17: =Q4<3/1440 -> FALSE
A18: 31200 | B18: Goor | C18: =C5<3/1440 -> TRUE | D18: =D5<3/1440 -> TRUE | E18: =E5<3/1440 -> FALSE | F18: =F5<3/1440 -> FALSE | G18: =G5<3/1440 -> TRUE | H18: =H5<3/1440 -> TRUE | I18: =I5<3/1440 -> TRUE | J18: =J5<3/1440 -> TRUE | ... Q18: =Q5<3/1440 -> TRUE
A19: 7900 | B19: Nijverdal | C19: =C6<3/1440 -> TRUE | D19: =D6<3/1440 -> TRUE | E19: =E6<3/1440 -> TRUE | F19: =F6<3/1440 -> TRUE | G19: =G6<3/1440 -> TRUE | H19: =H6<3/1440 -> TRUE | I19: =I6<3/1440 -> TRUE | J19: =J6<3/1440 -> TRUE | ... Q19: =Q6<3/1440 -> TRUE
A20: 31300 | B20: Amersfoort | C20: =C7<3/1440 -> TRUE | D20: =D7<3/1440 -> TRUE | E20: =E7<3/1440 -> TRUE | F20: =F7<3/1440 -> TRUE | G20: =G7<3/1440 -> TRUE | H20: =H7<3/1440 -> TRUE | I20: =I7<3/1440 -> TRUE | J20: =J7<3/1440 -> TRUE | ... Q20: =Q7<3/1440 -> TRUE
A21: 3600 | B21: Zwolle | C21: =C8<3/1440 -> FALSE | D21: =D8<3/1440 -> FALSE | E21: =E8<3/1440 -> FALSE | F21: =F8<3/1440 -> FALSE | G21: =G8<3/1440 -> TRUE | H21: =H8<3/1440 -> TRUE | I21: =I8<3/1440 -> TRUE | J21: =J8<3/1440 -> TRUE | ... Q21: =Q8<3/1440 -> TRUE
A22: 20350 | B22: Hengelo | C22: =C9<3/1440 -> TRUE | D22: =D9<3/1440 -> TRUE | E22: =E9<3/1440 -> TRUE | F22: =F9<3/1440 -> TRUE | G22: =G9<3/1440 -> TRUE | H22: =H9<3/1440 -> TRUE | I22: =I9<3/1440 -> TRUE | J22: =J9<3/1440 -> TRUE | ... Q22: =Q9<3/1440 -> TRUE
A23: 31200 | B23: Hengelo | C23: =C10<3/1440 -> FALSE | D23: =D10<3/1440 -> FALSE | E23: =E10<3/1440 -> FALSE | F23: =F10<3/1440 -> FALSE | G23: =G10<3/1440 -> TRUE | H23: =H10<3/1440 -> TRUE | I23: =I10<3/1440 -> TRUE | J23: =J10<3/1440 -> TRUE | ... Q23: =Q10<3/1440 -> TRUE
A24: 31200 | B24: Zutphen | C24: =C10<3/1440 -> FALSE | D24: =D10<3/1440 -> FALSE | E24: =E10<3/1440 -> FALSE | F24: =F10<3/1440 -> FALSE | G24: =G10<3/1440 -> TRUE | H24: =H10<3/1440 -> TRUE | I24: =I10<3/1440 -> TRUE | J24: =J10<3/1440 -> TRUE | ... Q24: =Q10<3/1440 -> TRUE
A25: 7900 | B25: Zwolle | C25: =C12<3/1440 -> TRUE | D25: =D12<3/1440 -> TRUE | E25: =E12<3/1440 -> TRUE | F25: =F12<3/1440 -> TRUE | G25: =G12<3/1440 -> TRUE | H25: =H12<3/1440 -> TRUE | I25: =I12<3/1440 -> TRUE | J25: =J12<3/1440 -> TRUE | ... Q25: =Q12<3/1440 -> TRUE
A26: Punctuality | C26: =COUNTIF(C16:C21,TRUE) / 6 -> 0.5 | D26: =COUNTIF(D16:D21,TRUE) / 6 -> 0.5 | E26: =COUNTIF(E16:E21,TRUE) / 6 -> 0.33333333 | F26: =COUNTIF(F16:F21,TRUE) / 6 -> 0.33333333 | G26: =COUNTIF(G16:G21,TRUE) / 6 -> 0.66666667 | H26: =COUNTIF(H16:H21,TRUE) / 6 -> 0.66666667 | I26: =COUNTIF(I16:I21,TRUE) / 6 -> 0.66666667 | J26: =COUNTIF(J16:J21,TRUE) / 6 -> 0.66666667 | ... Q26: =COUNTIF(Q16:Q21,TRUE) / 6 -> 0.83333333
A28: Diff ICE delay BB and Amf | C28: =C2-C1 -> -0.0020833333 | D28: =D2-D1 -> -0.0027777778 | E28: =E2-E1 -> -0.0034722222 | F28: =F2-F1 -> -0.0040046296 | G28: =G2-G1 -> 0.002962963 | H28: =H2-H1 -> 0.0022685185 | I28: =I2-I1 -> 0.0015740741 | J28: =J2-J1 -> 0.00087962963 | ... Q28: =Q2-Q1 -> 0.00087962963 | R28: Extra delay
A29: Diff ICE delay BB and Amf | C29: =C1-C2 -> 0.0020833333 | D29: =D1-D2 -> 0.0027777778 | E29: =E1-E2 -> 0.0034722222 | F29: =F1-F2 -> 0.0040046296 | G29: =G1-G2 -> -0.002962963 | H29: =H1-H2 -> -0.0022685185 | I29: =I1-I2 -> -0.0015740741 | J29: =J1-J2 -> -0.00087962963 | ... Q29: =Q1-Q2 -> -0.00087962963 | R29: Less delay
A31: Regional transfer | C31: =(C20+C21+C23+C24+C25)/5 -> 0.4 | D31: =(D20+D21+D23+D24+D25)/5 -> 0.4 | E31: =(E20+E21+E23+E24+E25)/5 -> 0.4 | F31: =(F20+F21+F23+F24+F25)/5 -> 0.4 | G31: =(G20+G21+G23+G24+G25)/5 -> 1 | H31: =(H20+H21+H23+H24+H25)/5 -> 1 | I31: =(I20+I21+I23+I24+I25)/5 -> 1 | J31: =(J20+J21+J23+J24+J25)/5 -> 1 | ... Q31: =(Q20+Q21+Q23+Q24+Q25)/5 -> 1

Sheet Alternative ICE Paths
A1: ICE Delay Odzg | C1: 0.0020833333 | D1: 0.0027777778 | E1: 0.0034722222 | F1: 0.0041666667 | G1: 0.0048611111 | H1: 0.0055555556 | I1: 0.00625 | J1: 0.0069444444 | K1: 0.0076388889 | L1: 0.0083333333 | M1: 0.0090277778 | N1: 0.0097222222 | O1: 0.010416667 | P1: 0.013888889 | Q1: 0.017361111 | R1: Originele vertrektijd Odzg = 09:56:06
A2: 140/240 | B2: Amersfoort | C2: 0.017592593 | D2: 0.017592593 | E2: 0.017592593 | F2: 0.017592593 | G2: 0.017592593 | H2: 0.017592593 | I2: 0.017592593 | J2: 0.017592593 | K2: 0.017592593 | L2: 0.017592593 | M2: 0.017592593 | N2: 0.017592593 | O2: 0.017592593 | P2: 0.017592593 | Q2: 0.017592593 | R2: A140-late | T2: Originele aankomst Amf = 10:24:00
A3: 1700 | B3: Utrecht | C3: 0.0015509259 | D3: 0.0015509259 | E3: 0.0015509259 | F3: 0.0015509259 | G3: 0.0015509259 | H3: 0.0015509259 | I3: 0.0015509259 | J3: 0.0015509259 | K3: 0.0015509259 | L3: 0.0015509259 | M3: 0.0015509259 | N3: 0.0015509259 | O3: 0.0015509259 | P3: 0.0015509259 | Q3: 0.0015509259 | R3: C1700-17
A4: 7000 | B4: Apeldoorn | C4: 0.0013657407 | D4: 0.0013657407 | E4: 0.0013657407 | F4: 0.0013657407 | G4: 0.0013657407 | H4: 0.0013657407 | I4: 0.0013657407 | J4: 0.0013657407 | K4: 0.0013657407 | L4: 0.0013657407 | M4: 0.0013657407 | N4: 0.0013657407 | O4: 0.0013657407 | P4: 0.0013657407 | Q4: 0.0013657407 | R4: A7000-15
A5: 31200 | B5: Goor | C5: 0 | D5: 0 | E5: 0 | F5: 0 | G5: 0 | H5: 0 | I5: 0 | J5: 0 | K5: 0 | L5: 0 | M5: 0 | N5: 0 | O5: 0 | P5: 0 | Q5: 0 | R5: D31200-18
A6: 7900 | B6: Nijverdal | C6: 0 | D6: 0 | E6: 0 | F6: 0 | G6: 0 | H6: 0 | I6: 0 | J6: 0 | K6: 0 | L6: 0 | M6: 0 | N6: 0 | O6: 0 | P6: 0 | Q6: 0 | R6: A7900-17
A7: 31300 | B7: Amersfoort | C7: 0 | D7: 0 | E7: 0 | F7: 0 | G7: 0 | H7: 0 | I7: 0 | J7: 0 | K7: 0 | L7: 0 | M7: 0 | N7: 0 | O7: 0 | P7: 0 | Q7: 0 | R7: A31300-19
A8: 3600 | B8: Zwolle | C8: 0.00094907407 | D8: 0.00094907407 | E8: 0.00094907407 | F8: 0.00094907407 | G8: 0.00094907407 | H8: 0.00094907407 | I8: 0.00094907407 | J8: 0.00094907407 | K8: 0.00094907407 | L8: 0.00094907407 | M8: 0.00094907407 | N8: 0.00094907407 | O8: 0.00094907407 | P8: 0.00094907407 | Q8: 0.00094907407 | R8: A3600-5
A9: 20350 | B9: Hengelo | C9: 0 | D9: 0 | E9: 0 | F9: 0 | G9: 0 | H9: 0 | I9: 0 | J9: 0 | K9: 0 | L9: 0 | M9: 0 | N9: 0.00016203704 | O9: 0.00085648148 | P9: 0 | Q9: 0 | R9: B36100-18
A10: 31200 | B10: Hengelo | C10: 0.00011574074 | D10: 0.00011574074 | E10: 0.00011574074 | F10: 0.00011574074 | G10: 0.00011574074 | H10: 0.00011574074 | I10: 0.00011574074 | J10: 0.00011574074 | K10: 0.00011574074 | L10: 0.00011574074 | M10: 0.00011574074 | N10: 0.00011574074 | O10: 0.00011574074 | P10: 0.00011574074 | Q10: 0.00011574074
A11: 31200 | B11: Zutphen | C11: 0.00016203704 | D11: 0.00016203704 | E11: 0.00016203704 | F11: 0.00016203704 | G11: 0.00016203704 | H11: 0.00016203704 | I11: 0.00016203704 | J11: 0.00016203704 | K11: 0.00016203704 | L11: 0.00016203704 | M11: 0.00016203704 | N11: 0.00016203704 | O11: 0.00016203704 | P11: 0.00016203704 | Q11: 0.00016203704
A12: 7900 | B12: Zwolle | C12: 0 | D12: 0 | E12: 0 | F12: 0 | G12: 0 | H12: 0 | I12: 0 | J12: 0 | K12: 0 | L12: 0 | M12: 0 | N12: 0 | O12: 0 | P12: 0 | Q12: 0
A13: Total delay all trains in the scope at the first hub outside the corridor | C13: =SUM(C3:C8) -> 0.0038657407 | D13: =SUM(D3:D8) -> 0.0038657407 | E13: =SUM(E3:E8) -> 0.0038657407 | F13: =SUM(F3:F8) -> 0.0038657407 | G13: =SUM(G3:G8) -> 0.0038657407 | H13: =SUM(H3:H8) -> 0.0038657407 | I13: =SUM(I3:I8) -> 0.0038657407 | J13: =SUM(J3:J8) -> 0.0038657407 | ... Q13: =SUM(Q3:Q8) -> 0.0038657407
A15: 140/240 | B15: Amersfoort | C15: =C2<6/1440 -> FALSE | D15: =D2<6/1440 -> FALSE | E15: =E2<6/1440 -> FALSE | F15: =F2<6/1440 -> FALSE | G15: =G2<6/1440 -> FALSE | H15: =H2<6/1440 -> FALSE | I15: =I2<6/1440 -> FALSE | J15: =J2<6/1440 -> FALSE | ... Q15: =Q2<6/1440 -> FALSE
A16: 1700 | B16: Utrecht | C16: =C3<3/1440 -> TRUE | D16: =D3<3/1440 -> TRUE | E16: =E3<3/1440 -> TRUE | F16: =F3<3/1440 -> TRUE | G16: =G3<3/1440 -> TRUE | H16: =H3<3/1440 -> TRUE | I16: =I3<3/1440 -> TRUE | J16: =J3<3/1440 -> TRUE | ... Q16: =Q3<3/1440 -> TRUE
A17: 7000 | B17: Apeldoorn | C17: =C4<3/1440 -> TRUE | D17: =D4<3/1440 -> TRUE | E17: =E4<3/1440 -> TRUE | F17: =F4<3/1440 -> TRUE | G17: =G4<3/1440 -> TRUE | H17: =H4<3/1440 -> TRUE | I17: =I4<3/1440 -> TRUE | J17: =J4<3/1440 -> TRUE | ... Q17: =Q4<3/1440 -> TRUE
A18: 31200 | B18: Goor | C18: =C5<3/1440 -> TRUE | D18: =D5<3/1440 -> TRUE | E18: =E5<3/1440 -> TRUE | F18: =F5<3/1440 -> TRUE | G18: =G5<3/1440 -> TRUE | H18: =H5<3/1440 -> TRUE | I18: =I5<3/1440 -> TRUE | J18: =J5<3/1440 -> TRUE | ... Q18: =Q5<3/1440 -> TRUE
A19: 7900 | B19: Nijverdal | C19: =C6<3/1440 -> TRUE | D19: =D6<3/1440 -> TRUE | E19: =E6<3/1440 -> TRUE | F19: =F6<3/1440 -> TRUE | G19: =G6<3/1440 -> TRUE | H19: =H6<3/1440 -> TRUE | I19: =I6<3/1440 -> TRUE | J19: =J6<3/1440 -> TRUE | ... Q19: =Q6<3/1440 -> TRUE
A20: 31300 | B20: Amersfoort | C20: =C7<3/1440 -> TRUE | D20: =D7<3/1440 -> TRUE | E20: =E7<3/1440 -> TRUE | F20: =F7<3/1440 -> TRUE | G20: =G7<3/1440 -> TRUE | H20: =H7<3/1440 -> TRUE | I20: =I7<3/1440 -> TRUE | J20: =J7<3/1440 -> TRUE | ... Q20: =Q7<3/1440 -> TRUE
A21: 3600 | B21: Zwolle | C21: =C8<3/1440 -> TRUE | D21: =D8<3/1440 -> TRUE | E21: =E8<3/1440 -> TRUE | F21: =F8<3/1440 -> TRUE | G21: =G8<3/1440 -> TRUE | H21: =H8<3/1440 -> TRUE | I21: =I8<3/1440 -> TRUE | J21: =J8<3/1440 -> TRUE | ... Q21: =Q8<3/1440 -> TRUE
A22: 20350 | B22: Hengelo | C22: =C9<3/1440 -> TRUE | D22: =D9<3/1440 -> TRUE | E22: =E9<3/1440 -> TRUE | F22: =F9<3/1440 -> TRUE | G22: =G9<3/1440 -> TRUE | H22: =H9<3/1440 -> TRUE | I22: =I9<3/1440 -> TRUE | J22: =J9<3/1440 -> TRUE | ... Q22: =Q9<3/1440 -> TRUE
A23: 31200 | B23: Hengelo | C23: =C10<3/1440 -> TRUE | D23: =D10<3/1440 -> TRUE | E23: =E10<3/1440 -> TRUE | F23: =F10<3/1440 -> TRUE | G23: =G10<3/1440 -> TRUE | H23: =H10<3/1440 -> TRUE | I23: =I10<3/1440 -> TRUE | J23: =J10<3/1440 -> TRUE | ... Q23: =Q10<3/1440 -> TRUE
A24: 31200 | B24: Zutphen | C24: =C10<3/1440 -> TRUE | D24: =D10<3/1440 -> TRUE | E24: =E10<3/1440 -> TRUE | F24: =F10<3/1440 -> TRUE | G24: =G10<3/1440 -> TRUE | H24: =H10<3/1440 -> TRUE | I24: =I10<3/1440 -> TRUE | J24: =J10<3/1440 -> TRUE | ... Q24: =Q10<3/1440 -> TRUE
A25: 7900 | B25: Zwolle | C25: =C12<3/1440 -> TRUE | D25: =D12<3/1440 -> TRUE | E25: =E12<3/1440 -> TRUE | F25: =F12<3/1440 -> TRUE | G25: =G12<3/1440 -> TRUE | H25: =H12<3/1440 -> TRUE | I25: =I12<3/1440 -> TRUE | J25: =J12<3/1440 -> TRUE | ... Q25: =Q12<3/1440 -> TRUE
A26: Punctuality | C26: =COUNTIF(C16:C21,TRUE) / 6 -> 1 | D26: =COUNTIF(D16:D21,TRUE) / 6 -> 1 | E26: =COUNTIF(E16:E21,TRUE) / 6 -> 1 | F26: =COUNTIF(F16:F21,TRUE) / 6 -> 1 | G26: =COUNTIF(G16:G21,TRUE) / 6 -> 1 | H26: =COUNTIF(H16:H21,TRUE) / 6 -> 1 | I26: =COUNTIF(I16:I21,TRUE) / 6 -> 1 | J26: =COUNTIF(J16:J21,TRUE) / 6 -> 1 | ... Q26: =COUNTIF(Q16:Q21,TRUE) / 6 -> 1
A28: Diff ICE delay BB and Amf | C28: =C2-C1 -> 0.015509259 | D28: =D2-D1 -> 0.014814815 | E28: =E2-E1 -> 0.01412037 | F28: =F2-F1 -> 0.013425926 | G28: =G2-G1 -> 0.012731481 | H28: =H2-H1 -> 0.012037037 | I28: =I2-I1 -> 0.011342593 | J28: =J2-J1 -> 0.010648148 | ... Q28: =Q2-Q1 -> 0.00023148148 | R28: Extra delay
A29: Diff ICE delay BB and Amf | C29: =C1-C2 -> -0.015509259 | D29: =D1-D2 -> -0.014814815 | E29: =E1-E2 -> -0.01412037 | F29: =F1-F2 -> -0.013425926 | G29: =G1-G2 -> -0.012731481 | H29: =H1-H2 -> -0.012037037 | I29: =I1-I2 -> -0.011342593 | J29: =J1-J2 -> -0.010648148 | ... Q29: =Q1-Q2 -> -0.00023148148 | R29: Less delay
A31: Regional transfer | C31: =(C20+C21+C23+C24+C25)/5 -> 1 | D31: =(D20+D21+D23+D24+D25)/5 -> 1 | E31: =(E20+E21+E23+E24+E25)/5 -> 1 | F31: =(F20+F21+F23+F24+F25)/5 -> 1 | G31: =(G20+G21+G23+G24+G25)/5 -> 1 | H31: =(H20+H21+H23+H24+H25)/5 -> 1 | I31: =(I20+I21+I23+I24+I25)/5 -> 1 | J31: =(J20+J21+J23+J24+J25)/5 -> 1 | ... Q31: =(Q20+Q21+Q23+Q24+Q25)/5 -> 1

Sheet Stop Almelo
A1: ICE Delay Odzg | C1: 0.0020833333 | D1: 0.0027777778 | E1: 0.0034722222 | F1: 0.0041666667 | G1: 0.0048611111 | H1: 0.0055555556 | I1: 0.00625 | J1: 0.0069444444 | K1: 0.0076388889 | L1: 0.0083333333 | M1: 0.0090277778 | N1: 0.0097222222 | O1: 0.010416667 | P1: 0.013888889 | Q1: 0.017361111 | R1: Originele vertrektijd Odzg = 09:56:06
A2: 140/240 | B2: Amersfoort | C2: 0 | D2: 0 | E2: 0 | F2: 0.00037037037 | G2: 0.0020833333 | H2: 0.0020601852 | I2: 0.0024537037 | J2: 0.0096990741 | K2: 0.0096990741 | L2: 0.0096990741 | M2: 0.0096990741 | N2: 0.0096990741 | O2: 0.0096990741 | P2: 0.011319444 | Q2: 0.017592593 | R2: A140-late | T2: Originele aankomst Amf = 10:24:00
A3: 1700 | B3: Utrecht | C3: 0.0018981481 | D3: 0.0017824074 | E3: 0.0024768519 | F3: 0.0031712963 | G3: 0.011365741 | H3: 0.011365741 | I3: 0.011365741 | J3: 0.0037268519 | K3: 0.0037268519 | L3: 0.0061111111 | M3: 0.0061111111 | N3: 0.0061111111 | O3: 0.0061111111 | P3: 0.0061111111 | Q3: 0.0015509259 | R3: C1700-17
A4: 7000 | B4: Apeldoorn | C4: 0.0010185185 | D4: 0.0015972222 | E4: 0.0022916667 | F4: 0.0029861111 | G4: 0.0045601852 | H4: 0.0046064815 | I4: 0.0050694444 | J4: 0 | K4: 0 | L4: 0 | M4: 0 | N4: 0 | O4: 0 | P4: 0.0013657407 | Q4: 0.0013657407 | R4: A7000-15
A5: 31200 | B5: Goor | C5: 0.00055555556 | D5: 0.00125 | E5: 0.0028703704 | F5: 0.0028703704 | G5: 0 | H5: 0 | I5: 0 | J5: 0 | K5: 0 | L5: 0 | M5: 0 | N5: 0 | O5: 0 | P5: 0 | Q5: 0 | R5: D31200-18
A6: 7900 | B6: Nijverdal | C6: 0 | D6: 0.00037037037 | E6: 0.0010648148 | F6: 0.0010648148 | G6: 0.0024305556 | H6: 0.0024768519 | I6: 0.0029398148 | J6: 0.0024768519 | K6: 0.0031712963 | L6: 0.0038657407 | M6: 0.0045601852 | N6: 0.0031018519 | O6: 0.0037037037 | P6: 0 | Q6: 0 | R6: A7900-17
A7: 31300 | B7: Amersfoort | C7: 0 | D7: 0 | E7: 0 | F7: 0 | G7: 0.0010416667 | H7: 0.0010185185 | I7: 0.001412037 | J7: 0 | K7: 0 | L7: 0 | M7: 0 | N7: 0 | O7: 0 | P7: 0 | Q7: 0 | R7: A31300-19
A8: 3600 | B8: Zwolle | C8: 0.0040740741 | D8: 0.0042592593 | E8: 0.0048842593 | F8: 0.0055787037 | G8: 0.00094907407 | H8: 0.00094907407 | I8: 0.00094907407 | J8: 0.00094907407 | K8: 0.00094907407 | L8: 0.00094907407 | M8: 0.00094907407 | N8: 0.00094907407 | O8: 0.00094907407 | P8: 0.00094907407 | Q8: 0.00094907407 | R8: A3600-5
A9: 20350 | B9: Hengelo | C9: 0 | D9: 0 | E9: 0 | F9: 0 | G9: 0 | H9: 0 | I9: 0 | J9: 0 | K9: 0 | L9: 0 | M9: 0 | N9: 0 | O9: 0.00069444444 | P9: 0 | Q9: 0 | R9: B36100-18
A10: 31200 | B10: Hengelo | C10: 0.0021990741 | D10: 0.0028935185 | E10: 0.003587963 | F10: 0.0042824074 | G10: 0.00011574074 | H10: 0.00011574074 | I10: 0.00011574074 | J10: 0.00011574074 | K10: 0.00011574074 | L10: 0.00011574074 | M10: 0.00011574074 | N10: 0.00011574074 | O10: 0.00011574074 | P10: 0.00011574074 | Q10: 0.00011574074
A11: 31200 | B11: Zutphen | C11: 0.00016203704 | D11: 0.00027777778 | E11: 0.001875 | F11: 0.001875 | G11: 0.00016203704 | H11: 0.00016203704 | I11: 0.00016203704 | J11: 0.00016203704 | K11: 0.00016203704 | L11: 0.00016203704 | M11: 0.00016203704 | N11: 0.00016203704 | O11: 0.00016203704 | P11: 0.00016203704 | Q11: 0.00016203704
A12: 7900 | B12: Zwolle | C12: 0 | D12: 0 | E12: 0 | F12: 0 | G12: 0 | H12: 0 | I12: 0 | J12: 0 | K12: 0 | L12: 6.9444444e-05 | M12: 0.00076388889 | N12: 0 | O12: 0 | P12: 0 | Q12: 0
A13: Total delay all trains in the scope at the first hub outside the corridor | C13: =SUM(C3:C8) -> 0.0075462963 | D13: =SUM(D3:D8) -> 0.0092592593 | E13: =SUM(E3:E8) -> 0.013587963 | F13: =SUM(F3:F8) -> 0.015671296 | G13: =SUM(G3:G8) -> 0.020347222 | H13: =SUM(H3:H8) -> 0.020416667 | I13: =SUM(I3:I8) -> 0.021736111 | J13: =SUM(J3:J8) -> 0.0071527778 | ... Q13: =SUM(Q3:Q8) -> 0.0038657407
A15: 140/240 | B15: Amersfoort | C15: =C2<6/1440 -> TRUE | D15: =D2<6/1440 -> TRUE | E15: =E2<6/1440 -> TRUE | F15: =F2<6/1440 -> TRUE | G15: =G2<6/1440 -> TRUE | H15: =H2<6/1440 -> TRUE | I15: =I2<6/1440 -> TRUE | J15: =J2<6/1440 -> FALSE | ... Q15: =Q2<6/1440 -> FALSE
A16: 1700 | B16: Utrecht | C16: =C3<3/1440 -> TRUE | D16: =D3<3/1440 -> TRUE | E16: =E3<3/1440 -> FALSE | F16: =F3<3/1440 -> FALSE | G16: =G3<3/1440 -> FALSE | H16: =H3<3/1440 -> FALSE | I16: =I3<3/1440 -> FALSE | J16: =J3<3/1440 -> FALSE | ... Q16: =Q3<3/1440 -> TRUE
A17: 7000 | B17: Apeldoorn | C17: =C4<3/1440 -> TRUE | D17: =D4<3/1440 -> TRUE | E17: =E4<3/1440 -> FALSE | F17: =F4<3/1440 -> FALSE | G17: =G4<3/1440 -> FALSE | H17: =H4<3/1440 -> FALSE | I17: =I4<3/1440 -> FALSE | J17: =J4<3/1440 -> TRUE | ... Q17: =Q4<3/1440 -> TRUE
A18: 31200 | B18: Goor | C18: =C5<3/1440 -> TRUE | D18: =D5<3/1440 -> TRUE | E18: =E5<3/1440 -> FALSE | F18: =F5<3/1440 -> FALSE | G18: =G5<3/1440 -> TRUE | H18: =H5<3/1440 -> TRUE | I18: =I5<3/1440 -> TRUE | J18: =J5<3/1440 -> TRUE | ... Q18: =Q5<3/1440 -> TRUE
A19: 7900 | B19: Nijverdal | C19: =C6<3/1440 -> TRUE | D19: =D6<3/1440 -> TRUE | E19: =E6<3/1440 -> TRUE | F19: =F6<3/1440 -> TRUE | G19: =G6<3/1440 -> FALSE | H19: =H6<3/1440 -> FALSE | I19: =I6<3/1440 -> FALSE | J19: =J6<3/1440 -> FALSE | ... Q19: =Q6<3/1440 -> TRUE
A20: 31300 | B20: Amersfoort | C20: =C7<3/1440 -> TRUE | D20: =D7<3/1440 -> TRUE | E20: =E7<3/1440 -> TRUE | F20: =F7<3/1440 -> TRUE | G20: =G7<3/1440 -> TRUE | H20: =H7<3/1440 -> TRUE | I20: =I7<3/1440 -> TRUE | J20: =J7<3/1440 -> TRUE | ... Q20: =Q7<3/1440 -> TRUE
A21: 3600 | B21: Zwolle | C21: =C8<3/1440 -> FALSE | D21: =D8<3/1440 -> FALSE | E21: =E8<3/1440 -> FALSE | F21: =F8<3/1440 -> FALSE | G21: =G8<3/1440 -> TRUE | H21: =H8<3/1440 -> TRUE | I21: =I8<3/1440 -> TRUE | J21: =J8<3/1440 -> TRUE | ... Q21: =Q8<3/1440 -> TRUE
A22: 20350 | B22: Hengelo | C22: =C9<3/1440 -> TRUE | D22: =D9<3/1440 -> TRUE | E22: =E9<3/1440 -> TRUE | F22: =F9<3/1440 -> TRUE | G22: =G9<3/1440 -> TRUE | H22: =H9<3/1440 -> TRUE | I22: =I9<3/1440 -> TRUE | J22: =J9<3/1440 -> TRUE | ... Q22: =Q9<3/1440 -> TRUE
A23: 31200 | B23: Hengelo | C23: =C10<3/1440 -> FALSE | D23: =D10<3/1440 -> FALSE | E23: =E10<3/1440 -> FALSE | F23: =F10<3/1440 -> FALSE | G23: =G10<3/1440 -> TRUE | H23: =H10<3/1440 -> TRUE | I23: =I10<3/1440 -> TRUE | J23: =J10<3/1440 -> TRUE | ... Q23: =Q10<3/1440 -> TRUE
A24: 31200 | B24: Zutphen | C24: =C10<3/1440 -> FALSE | D24: =D10<3/1440 -> FALSE | E24: =E10<3/1440 -> FALSE | F24: =F10<3/1440 -> FALSE | G24: =G10<3/1440 -> TRUE | H24: =H10<3/1440 -> TRUE | I24: =I10<3/1440 -> TRUE | J24: =J10<3/1440 -> TRUE | ... Q24: =Q10<3/1440 -> TRUE
A25: 7900 | B25: Zwolle | C25: =C12<3/1440 -> TRUE | D25: =D12<3/1440 -> TRUE | E25: =E12<3/1440 -> TRUE | F25: =F12<3/1440 -> TRUE | G25: =G12<3/1440 -> TRUE | H25: =H12<3/1440 -> TRUE | I25: =I12<3/1440 -> TRUE | J25: =J12<3/1440 -> TRUE | ... Q25: =Q12<3/1440 -> TRUE
A26: Punctuality | C26: =COUNTIF(C16:C21,TRUE) / 6 -> 0.83333333 | D26: =COUNTIF(D16:D21,TRUE) / 6 -> 0.83333333 | E26: =COUNTIF(E16:E21,TRUE) / 6 -> 0.33333333 | F26: =COUNTIF(F16:F21,TRUE) / 6 -> 0.33333333 | G26: =COUNTIF(G16:G21,TRUE) / 6 -> 0.5 | H26: =COUNTIF(H16:H21,TRUE) / 6 -> 0.5 | I26: =COUNTIF(I16:I21,TRUE) / 6 -> 0.5 | J26: =COUNTIF(J16:J21,TRUE) / 6 -> 0.66666667 | ... Q26: =COUNTIF(Q16:Q21,TRUE) / 6 -> 1
A28: Diff ICE delay BB and Amf | C28: =C2-C1 -> -0.0020833333 | D28: =D2-D1 -> -0.0027777778 | E28: =E2-E1 -> -0.0034722222 | F28: =F2-F1 -> -0.0037962963 | G28: =G2-G1 -> -0.0027777778 | H28: =H2-H1 -> -0.0034953704 | I28: =I2-I1 -> -0.0037962963 | J28: =J2-J1 -> 0.0027546296 | ... Q28: =Q2-Q1 -> 0.00023148148 | R28: Extra delay
A29: Diff ICE delay BB and Amf | C29: =C1-C2 -> 0.0020833333 | D29: =D1-D2 -> 0.0027777778 | E29: =E1-E2 -> 0.0034722222 | F29: =F1-F2 -> 0.0037962963 | G29: =G1-G2 -> 0.0027777778 | H29: =H1-H2 -> 0.0034953704 | I29: =I1-I2 -> 0.0037962963 | J29: =J1-J2 -> -0.0027546296 | ... Q29: =Q1-Q2 -> -0.00023148148 | R29: Less delay
A31: Regional transfer | C31: =(C20+C21+C23+C24+C25)/5 -> 0.4 | D31: =(D20+D21+D23+D24+D25)/5 -> 0.4 | E31: =(E20+E21+E23+E24+E25)/5 -> 0.4 | F31: =(F20+F21+F23+F24+F25)/5 -> 0.4 | G31: =(G20+G21+G23+G24+G25)/5 -> 1 | H31: =(H20+H21+H23+H24+H25)/5 -> 1 | I31: =(I20+I21+I23+I24+I25)/5 -> 1 | J31: =(J20+J21+J23+J24+J25)/5 -> 1 | ... Q31: =(Q20+Q21+Q23+Q24+Q25)/5 -> 1

Sheet Summary
A1: 3 minute delay | B1: Total delay | C1: Total punctuality | D1: Diff ICE delay | E1: Transfer punct | G1: 4 minute delay | H1: Total delay | I1: Total punctuality | J1: Diff ICE delay | K1: Transfer punct | M1: 5 minute delay | N1: Total delay | O1: Total punctuality | P1: Diff ICE delay | Q1: Transfer punct
A2: Cancel stop Hgl-Odz-Zp | B2: ='Cancel Stop Hgl-Odz-Hgl'!C$13 -> 0.0093981481 | C2: ='Cancel Stop Hgl-Odz-Hgl'!C$26 -> 0.83333333 | D2: ='Cancel Stop Hgl-Odz-Hgl'!C$28 -> -0.0020833333 | E2: ='Cancel Stop Hgl-Odz-Hgl'!C$31 -> 0.8 | G2: Cancel stop Hgl-Odz-Zp | H2: ='Cancel Stop Hgl-Odz-Hgl'!D$13 -> 0.0093981481 | I2: ='Cancel Stop Hgl-Odz-Hgl'!D$26 -> 0.83333333 | J2: ='Cancel Stop Hgl-Odz-Hgl'!D$28 -> -0.0027777778 | K2: ='Cancel Stop Hgl-Odz-Hgl'!D$31 -> 0.8 | M2: Cancel stop Hgl-Odz-Zp | N2: ='Cancel Stop Hgl-Odz-Hgl'!E$13 -> 0.01099537 | O2: ='Cancel Stop Hgl-Odz-Hgl'!E$26 -> 0.5 | P2: ='Cancel Stop Hgl-Odz-Hgl'!E$28 -> -0.0034722222 | Q2: ='Cancel Stop Hgl-Odz-Hgl'!E$31 -> 0.8
A3: ICE waits | B3: ='ICE Waits'!C$13 -> 0.01162037 | C3: ='ICE Waits'!C$26 -> 0.66666667 | D3: ='ICE Waits'!C$28 -> -0.0020833333 | E3: ='ICE Waits'!C$31 -> 0.4 | G3: ICE waits | H3: ='ICE Waits'!D$13 -> 0.014259259 | I3: ='ICE Waits'!D$26 -> 0.33333333 | J3: ='ICE Waits'!D$28 -> -0.0027777778 | K3: ='ICE Waits'!D$31 -> 0.4 | M3: ICE waits | N3: ='ICE Waits'!E$13 -> 0.017083333 | O3: ='ICE Waits'!E$26 -> 0.33333333 | P3: ='ICE Waits'!E$28 -> -0.0029861111 | Q3: ='ICE Waits'!E$31 -> 0.4
A4: Stop waits | B4: ='Stop Waits'!C$13 -> 0.0044444444 | C4: ='Stop Waits'!C$26 -> 0.83333333 | D4: ='Stop Waits'!C$28 -> -0.0020833333 | E4: ='Stop Waits'!C$31 -> 0.4 | G4: Stop waits | H4: ='Stop Waits'!D$13 -> 0.0085648148 | I4: ='Stop Waits'!D$26 -> 0.83333333 | J4: ='Stop Waits'!D$28 -> -0.0027777778 | K4: ='Stop Waits'!D$31 -> 0.4 | M4: Stop waits | N4: ='Stop Waits'!E$13 -> 0.012962963 | O4: ='Stop Waits'!E$26 -> 0.33333333 | P4: ='Stop Waits'!E$28 -> -0.0030092593 | Q4: ='Stop Waits'!E$31 -> 0.4
A5: Remove stop Hengelo | B5: ='Remove stop Hengelo'!C$13 -> 0.0016203704 | C5: ='Remove stop Hengelo'!C$26 -> 1 | D5: ='Remove stop Hengelo'!C$28 -> -0.0020833333 | E5: ='Remove stop Hengelo'!C$31 -> 0.8 | G5: Remove stop Hengelo | H5: ='Remove stop Hengelo'!D$13 -> 0.0035416667 | I5: ='Remove stop Hengelo'!D$26 -> 1 | J5: ='Remove stop Hengelo'!D$28 -> -0.0027777778 | K5: ='Remove stop Hengelo'!D$31 -> 0.8 | M5: Remove stop Hengelo | N5: ='Remove stop Hengelo'!E$13 -> 0.0079398148 | O5: ='Remove stop Hengelo'!E$26 -> 0.66666667 | P5: ='Remove stop Hengelo'!E$28 -> -0.0034722222 | Q5: ='Remove stop Hengelo'!E$31 -> 0.6
A6: Extra platform Hengelo | B6: ='Extra platform Hengelo'!C$13 -> 0.0043287037 | C6: ='Extra platform Hengelo'!C$26 -> 0.83333333 | D6: ='Extra platform Hengelo'!C$28 -> -0.0020833333 | E6: ='Extra platform Hengelo'!C$31 -> 0.6 | G6: Extra platform Hengelo | H6: ='Extra platform Hengelo'!D$13 -> 0.0085416667 | I6: ='Extra platform Hengelo'!D$26 -> 0.83333333 | J6: ='Extra platform Hengelo'!D$28 -> -0.0027777778 | K6: ='Extra platform Hengelo'!D$31 -> 0.6 | M6: Extra platform Hengelo | N6: ='Extra platform Hengelo'!E$13 -> 0.012962963 | O6: ='Extra platform Hengelo'!E$26 -> 0.33333333 | P6: ='Extra platform Hengelo'!E$28 -> -0.0034722222 | Q6: ='Extra platform Hengelo'!E$31 -> 0.6
A7: Short-turn Hengelo | B7: ='Short-turn Hengelo'!C$13 -> 0.0049074074 | C7: ='Short-turn Hengelo'!C$26 -> 1 | D7: ='Short-turn Hengelo'!C$28 -> N/A | E7: ='Short-turn Hengelo'!C$31 -> 0.6 | G7: Short-turn Hengelo | H7: ='Short-turn Hengelo'!D$13 -> 0.006087963 | I7: ='Short-turn Hengelo'!D$26 -> 1 | J7: ='Short-turn Hengelo'!D$28 -> N/A | K7: ='Short-turn Hengelo'!D$31 -> 0.6 | M7: Short-turn Hengelo | N7: ='Short-turn Hengelo'!E$13 -> 0.0068981481 | O7: ='Short-turn Hengelo'!E$26 -> 0.83333333 | P7: ='Short-turn Hengelo'!E$28 -> N/A | Q7: ='Short-turn Hengelo'!E$31 -> 0.6
A8: Overtake Rijssen | B8: ='Overtake Rijssen'!C$13 -> 0.019699074 | C8: ='Overtake Rijssen'!C$26 -> 0.5 | D8: ='Overtake Rijssen'!C$28 -> -0.0020833333 | E8: ='Overtake Rijssen'!C$31 -> 0.4 | G8: Overtake Rijssen | H8: ='Overtake Rijssen'!D$13 -> 0.020648148 | I8: ='Overtake Rijssen'!J$26 -> 0.66666667 | J8: ='Overtake Rijssen'!D$28 -> -0.0027777778 | K8: ='Overtake Rijssen'!D$31 -> 0.4 | M8: Overtake Rijssen | N8: ='Overtake Rijssen'!E$13 -> 0.023402778 | O8: ='Overtake Rijssen'!E$26 -> 0.33333333 | P8: ='Overtake Rijssen'!E$28 -> -0.0034722222 | Q8: ='Overtake Rijssen'!E$31 -> 0.4
A9: Alternative ICE path | B9: ='Alternative ICE Paths'!C$13 -> 0.0038657407 | C9: ='Alternative ICE Paths'!C$26 -> 1 | D9: ='Alternative ICE Paths'!C$28 -> 0.015509259 | E9: ='Alternative ICE Paths'!C$31 -> 1 | G9: Alternative ICE path | H9: ='Alternative ICE Paths'!D$13 -> 0.0038657407 | I9: ='Alternative ICE Paths'!D$26 -> 1 | J9: ='Alternative ICE Paths'!D$28 -> 0.014814815 | K9: ='Alternative ICE Paths'!D$31 -> 1 | M9: Alternative ICE path | N9: ='Alternative ICE Paths'!E$13 -> 0.0038657407 | O9: ='Alternative ICE Paths'!E$26 -> 1 | P9: ='Alternative ICE Paths'!E$28 -> 0.01412037 | Q9: ='Alternative ICE Paths'!E$31 -> 1
A10: Stop Almelo | B10: ='Stop Almelo'!C$13 -> 0.0075462963 | C10: ='Stop Almelo'!C$26 -> 0.83333333 | D10: ='Stop Almelo'!C$28 -> -0.0020833333 | E10: ='Stop Almelo'!C$31 -> 0.4 | G10: Stop Almelo | H10: ='Stop Almelo'!D$13 -> 0.0092592593 | I10: ='Stop Almelo'!D$26 -> 0.83333333 | J10: ='Stop Almelo'!D$28 -> -0.0027777778 | K10: ='Stop Almelo'!D$31 -> 0.4 | M10: Stop Almelo | N10: ='Stop Almelo'!E$13 -> 0.013587963 | O10: ='Stop Almelo'!E$26 -> 0.33333333 | P10: ='Stop Almelo'!E$28 -> -0.0034722222 | Q10: ='Stop Almelo'!E$31 -> 0.4
A12: 6 minute delay | B12: Total delay | C12: Total punctuality | D12: Diff ICE delay | E12: Transfer punct | G12: 7 minute delay | H12: Total delay | I12: Total punctuality | J12: Diff ICE delay | K12: Transfer punct | M12: 8 minute delay | N12: Total delay | O12: Total punctuality | P12: Diff ICE delay | Q12: Transfer punct
A13: Cancel stop Hgl-Odz-Zp | B13: ='Cancel Stop Hgl-Odz-Hgl'!F$13 -> 0.013773148 | C13: ='Cancel Stop Hgl-Odz-Hgl'!F$26 -> 0.5 | D13: ='Cancel Stop Hgl-Odz-Hgl'!F$28 -> -0.0040046296 | E13: ='Cancel Stop Hgl-Odz-Hgl'!F$31 -> 0.8 | G13: Cancel stop Hgl-Odz-Zp | H13: ='Cancel Stop Hgl-Odz-Hgl'!G$13 -> 0.024259259 | I13: ='Cancel Stop Hgl-Odz-Hgl'!G$26 -> 0.5 | J13: ='Cancel Stop Hgl-Odz-Hgl'!G$28 -> -0.0040046296 | K13: ='Cancel Stop Hgl-Odz-Hgl'!G$31 -> 0.8 | M13: Cancel stop Hgl-Odz-Zp | N13: ='Cancel Stop Hgl-Odz-Hgl'!H$13 -> 0.021458333 | O13: ='Cancel Stop Hgl-Odz-Hgl'!H$26 -> 0.5 | P13: ='Cancel Stop Hgl-Odz-Hgl'!H$28 -> -0.003587963 | Q13: ='Cancel Stop Hgl-Odz-Hgl'!H$31 -> 1
A14: ICE waits | B14: ='ICE Waits'!F$13 -> 0.0086805556 | C14: ='ICE Waits'!F$26 -> 0.83333333 | D14: ='ICE Waits'!F$28 -> 0.0055324074 | E14: ='ICE Waits'!F$31 -> 1 | G14: ICE waits | H14: ='ICE Waits'!G$13 -> 0.0086805556 | I14: ='ICE Waits'!G$26 -> 0.83333333 | J14: ='ICE Waits'!G$28 -> 0.004837963 | K14: ='ICE Waits'!G$31 -> 1 | M14: ICE waits | N14: ='ICE Waits'!H$13 -> 0.0086805556 | O14: ='ICE Waits'!H$26 -> 0.83333333 | P14: ='ICE Waits'!H$28 -> 0.0041435185 | Q14: ='ICE Waits'!H$31 -> 1
A15: Stop waits | B15: ='Stop Waits'!F$13 -> 0.015740741 | C15: ='Stop Waits'!F$26 -> 0.33333333 | D15: ='Stop Waits'!F$28 -> -0.0040046296 | E15: ='Stop Waits'!F$31 -> 0.4 | G15: Stop waits | H15: ='Stop Waits'!G$13 -> 0.026689815 | I15: ='Stop Waits'!G$26 -> 0.16666667 | J15: ='Stop Waits'!G$28 -> -0.0040046296 | K15: ='Stop Waits'!G$31 -> 0.4 | M15: Stop waits | N15: ='Stop Waits'!H$13 -> 0.024583333 | O15: ='Stop Waits'!H$26 -> 0.33333333 | P15: ='Stop Waits'!H$28 -> -0.003587963 | Q15: ='Stop Waits'!H$31 -> 0.6
A16: Remove stop Hengelo | B16: ='Remove stop Hengelo'!F$13 -> 0.011782407 | C16: ='Remove stop Hengelo'!F$26 -> 0.66666667 | D16: ='Remove stop Hengelo'!F$28 -> -0.0041666667 | E16: ='Remove stop Hengelo'!F$31 -> 0.6 | G16: Remove stop Hengelo | H16: ='Remove stop Hengelo'!G$13 -> 0.013171296 | I16: ='Remove stop Hengelo'!G$26 -> 0.5 | J16: ='Remove stop Hengelo'!G$28 -> -0.0044444444 | K16: ='Remove stop Hengelo'!G$31 -> 0.8 | M16: Remove stop Hengelo | N16: ='Remove stop Hengelo'!H$13 -> 0.013356481 | O16: ='Remove stop Hengelo'!H$26 -> 0.5 | P16: ='Remove stop Hengelo'!H$28 -> -0.0050925926 | Q16: ='Remove stop Hengelo'!H$31 -> 0.8
A17: Extra platform Hengelo | B17: ='Extra platform Hengelo'!F$13 -> 0.015740741 | C17: ='Extra platform Hengelo'!F$26 -> 0.33333333 | D17: ='Extra platform Hengelo'!F$28 -> -0.0040046296 | E17: ='Extra platform Hengelo'!F$31 -> 0.6 | G17: Extra platform Hengelo | H17: ='Extra platform Hengelo'!G$13 -> 0.020277778 | I17: ='Extra platform Hengelo'!G$26 -> 0.5 | J17: ='Extra platform Hengelo'!G$28 -> -0.0028240741 | K17: ='Extra platform Hengelo'!KG$31 -> 0 | M17: Extra platform Hengelo | N17: ='Extra platform Hengelo'!H$13 -> 0.020393519 | O17: ='Extra platform Hengelo'!H$26 -> 0.5 | P17: ='Extra platform Hengelo'!H$28 -> -0.0034953704 | Q17: ='Extra platform Hengelo'!H$31 -> 1
A18: Short-turn Hengelo | B18: ='Short-turn Hengelo'!F$13 -> 0.0084722222 | C18: ='Short-turn Hengelo'!F$26 -> 0.83333333 | D18: ='Short-turn Hengelo'!F$28 -> N/A | E18: ='Short-turn Hengelo'!F$31 -> 0.6 | G18: Short-turn Hengelo | H18: ='Short-turn Hengelo'!G$13 -> 0.012314815 | I18: ='Short-turn Hengelo'!G$26 -> 0.83333333 | J18: ='Short-turn Hengelo'!G$28 -> N/A | K18: ='Short-turn Hengelo'!G$31 -> 1 | M18: Short-turn Hengelo | N18: ='Short-turn Hengelo'!H$13 -> 0.012314815 | O18: ='Short-turn Hengelo'!H$26 -> 0.83333333 | P18: ='Short-turn Hengelo'!H$28 -> N/A | Q18: ='Short-turn Hengelo'!H$31 -> 1
A19: Overtake Rijssen | B19: ='Overtake Rijssen'!F$13 -> 0.025162037 | C19: ='Overtake Rijssen'!F$26 -> 0.33333333 | D19: ='Overtake Rijssen'!F$28 -> -0.0040046296 | E19: ='Overtake Rijssen'!F$31 -> 0.4 | G19: Overtake Rijssen | H19: ='Overtake Rijssen'!G$13 -> 0.019560185 | I19: ='Overtake Rijssen'!G$26 -> 0.66666667 | J19: ='Overtake Rijssen'!G$28 -> 0.002962963 | K19: ='Overtake Rijssen'!G$31 -> 1 | M19: Overtake Rijssen | N19: ='Overtake Rijssen'!H$13 -> 0.019560185 | O19: ='Overtake Rijssen'!H$26 -> 0.66666667 | P19: ='Overtake Rijssen'!H$28 -> 0.0022685185 | Q19: ='Overtake Rijssen'!H$31 -> 1
A20: Alternative ICE path | B20: ='Alternative ICE Paths'!F$13 -> 0.0038657407 | C20: ='Alternative ICE Paths'!F$26 -> 1 | D20: ='Alternative ICE Paths'!F$28 -> 0.013425926 | E20: ='Alternative ICE Paths'!F$31 -> 1 | G20: Alternative ICE path | H20: ='Alternative ICE Paths'!G$13 -> 0.0038657407 | I20: ='Alternative ICE Paths'!G$26 -> 1 | J20: ='Alternative ICE Paths'!G$28 -> 0.012731481 | K20: ='Alternative ICE Paths'!G$31 -> 1 | M20: Alternative ICE path | N20: ='Alternative ICE Paths'!H$13 -> 0.0038657407 | O20: ='Alternative ICE Paths'!H$26 -> 1 | P20: ='Alternative ICE Paths'!H$28 -> 0.012037037 | Q20: ='Alternative ICE Paths'!H$31 -> 1
A21: Stop Almelo | B21: ='Stop Almelo'!F$13 -> 0.015671296 | C21: ='Stop Almelo'!F$26 -> 0.33333333 | D21: ='Stop Almelo'!F$28 -> -0.0037962963 | E21: ='Stop Almelo'!F$31 -> 0.4 | G21: Stop Almelo | H21: ='Stop Almelo'!G$13 -> 0.020347222 | I21: ='Stop Almelo'!G$26 -> 0.5 | J21: ='Stop Almelo'!G$28 -> -0.0027777778 | K21: ='Stop Almelo'!G$31 -> 1 | M21: Stop Almelo | N21: ='Stop Almelo'!H$13 -> 0.020416667 | O21: ='Stop Almelo'!H$26 -> 0.5 | P21: ='Stop Almelo'!H$28 -> -0.0034953704 | Q21: ='Stop Almelo'!H$31 -> 1
A23: 9 minute delay | B23: Total delay | C23: Total punctuality | D23: Diff ICE delay | E23: Transfer punct | G23: 10 minute delay | H23: Total delay | I23: Total punctuality | J23: Diff ICE delay | K23: Transfer punct | M23: 11 minute delay | N23: Total delay | O23: Total punctuality | P23: Diff ICE delay | Q23: Transfer punct
A24: Cancel stop Hgl-Odz-Zp | B24: ='Cancel Stop Hgl-Odz-Hgl'!I$13 -> 0.023125 | C24: ='Cancel Stop Hgl-Odz-Hgl'!I$26 -> 0.5 | D24: ='Cancel Stop Hgl-Odz-Hgl'!I$28 -> -0.0040046296 | E24: ='Cancel Stop Hgl-Odz-Hgl'!I$31 -> 1 | G24: Cancel stop Hgl-Odz-Zp | H24: ='Cancel Stop Hgl-Odz-Hgl'!J$13 -> 0.01087963 | I24: ='Cancel Stop Hgl-Odz-Hgl'!J$26 -> 0.66666667 | J24: ='Cancel Stop Hgl-Odz-Hgl'!J$28 -> 0.0027546296 | K24: ='Cancel Stop Hgl-Odz-Hgl'!J$31 -> 1 | M24: Cancel stop Hgl-Odz-Zp | N24: ='Cancel Stop Hgl-Odz-Hgl'!K$13 -> 0.01087963 | O24: ='Cancel Stop Hgl-Odz-Hgl'!K$26 -> 0.66666667 | P24: ='Cancel Stop Hgl-Odz-Hgl'!K$28 -> 0.0020601852 | Q24: ='Cancel Stop Hgl-Odz-Hgl'!K$31 -> 1
A25: ICE waits | B25: ='ICE Waits'!I$13 -> 0.0062962963 | C25: ='ICE Waits'!I$26 -> 0.83333333 | D25: ='ICE Waits'!I$28 -> 0.0034490741 | E25: ='ICE Waits'!I$31 -> 1 | G25: ICE waits | H25: ='ICE Waits'!J$13 -> 0.0086574074 | I25: ='ICE Waits'!J$26 -> 0.83333333 | J25: ='ICE Waits'!J$28 -> 0.0027546296 | K25: ='ICE Waits'!J$31 -> 1 | M25: ICE waits | N25: ='ICE Waits'!K$13 -> 0.0086805556 | O25: ='ICE Waits'!K$26 -> 0.83333333 | P25: ='ICE Waits'!K$28 -> 0.0020601852 | Q25: ='ICE Waits'!K$31 -> 1
A26: Stop waits | B26: ='Stop Waits'!I$13 -> 0.026944444 | C26: ='Stop Waits'!I$26 -> 0.33333333 | D26: ='Stop Waits'!I$28 -> -0.0040046296 | E26: ='Stop Waits'!I$31 -> 0.6 | G26: Stop waits | H26: ='Stop Waits'!J$13 -> 0.019328704 | I26: ='Stop Waits'!J$26 -> 0.5 | J26: ='Stop Waits'!J$28 -> 0.0027546296 | K26: ='Stop Waits'!J$31 -> 0.6 | M26: Stop waits | N26: ='Stop Waits'!K$13 -> 0.022453704 | O26: ='Stop Waits'!K$26 -> 0.5 | P26: ='Stop Waits'!K$28 -> 0.0020601852 | Q26: ='Stop Waits'!K$31 -> 0.6
A27: Remove stop Hengelo | B27: ='Remove stop Hengelo'!I$13 -> 0.022847222 | C27: ='Remove stop Hengelo'!I$26 -> 0.5 | D27: ='Remove stop Hengelo'!I$28 -> -0.0053240741 | E27: ='Remove stop Hengelo'!I$31 -> 0.8 | G27: Remove stop Hengelo | H27: ='Remove stop Hengelo'!J$13 -> 0.0071759259 | I27: ='Remove stop Hengelo'!J$26 -> 0.66666667 | J27: ='Remove stop Hengelo'!J$28 -> 0.0027546296 | K27: ='Remove stop Hengelo'!J$31 -> 1 | M27: Remove stop Hengelo | N27: ='Remove stop Hengelo'!K$13 -> 0.0078703704 | O27: ='Remove stop Hengelo'!K$26 -> 0.66666667 | P27: ='Remove stop Hengelo'!K$28 -> 0.0020601852 | Q27: ='Remove stop Hengelo'!K$31 -> 1
A28: Extra platform Hengelo | B28: ='Extra platform Hengelo'!I$13 -> 0.02162037 | C28: ='Extra platform Hengelo'!I$26 -> 0.5 | D28: ='Extra platform Hengelo'!I$28 -> -0.0040046296 | E28: ='Extra platform Hengelo'!I$31 -> 1 | G28: Extra platform Hengelo | H28: ='Extra platform Hengelo'!J$13 -> 0.0086111111 | I28: ='Extra platform Hengelo'!J$26 -> 0.66666667 | J28: ='Extra platform Hengelo'!J$28 -> 0.0027546296 | K28: ='Extra platform Hengelo'!J$31 -> 1 | M28: Extra platform Hengelo | N28: ='Extra platform Hengelo'!K$13 -> 0.0091435185 | O28: ='Extra platform Hengelo'!K$26 -> 0.66666667 | P28: ='Extra platform Hengelo'!K$28 -> 0.0020601852 | Q28: ='Extra platform Hengelo'!K$31 -> 1
A29: Short-turn Hengelo | B29: ='Short-turn Hengelo'!I$13 -> 0.012314815 | C29: ='Short-turn Hengelo'!I$26 -> 0.83333333 | D29: ='Short-turn Hengelo'!I$28 -> N/A | E29: ='Short-turn Hengelo'!I$31 -> 1 | G29: Short-turn Hengelo | H29: ='Short-turn Hengelo'!J$13 -> 0.0030324074 | I29: ='Short-turn Hengelo'!J$26 -> 0.83333333 | J29: ='Short-turn Hengelo'!J$28 -> N/A | K29: ='Short-turn Hengelo'!J$31 -> 1 | M29: Short-turn Hengelo | N29: ='Cancel Stop Hgl-Odz-Hgl'!K$13 -> 0.01087963 | O29: ='Short-turn Hengelo'!K$26 -> 0.83333333 | P29: ='Short-turn Hengelo'!K$28 -> N/A | Q29: ='Short-turn Hengelo'!K$31 -> 1
A30: Overtake Rijssen | B30: ='Overtake Rijssen'!I$13 -> 0.019560185 | C30: ='Overtake Rijssen'!I$26 -> 0.66666667 | D30: ='Overtake Rijssen'!I$28 -> 0.0015740741 | E30: ='Overtake Rijssen'!I$31 -> 1 | G30: Overtake Rijssen | H30: ='Overtake Rijssen'!J$13 -> 0.019560185 | I30: ='Overtake Rijssen'!J$26 -> 0.66666667 | J30: ='Overtake Rijssen'!J$28 -> 0.00087962963 | K30: ='Overtake Rijssen'!J$31 -> 1 | M30: Overtake Rijssen | N30: ='Overtake Rijssen'!K$13 -> 0.019560185 | O30: ='Overtake Rijssen'!K$26 -> 0.66666667 | P30: ='Overtake Rijssen'!K$28 -> 0.00018518519 | Q30: ='Overtake Rijssen'!K$31 -> 1
A31: Alternative ICE path | B31: ='Alternative ICE Paths'!I$13 -> 0.0038657407 | C31: ='Alternative ICE Paths'!I$26 -> 1 | D31: ='Alternative ICE Paths'!I$28 -> 0.011342593 | E31: ='Alternative ICE Paths'!I$31 -> 1 | G31: Alternative ICE path | H31: ='Alternative ICE Paths'!J$13 -> 0.0038657407 | I31: ='Alternative ICE Paths'!J$26 -> 1 | J31: ='Alternative ICE Paths'!J$28 -> 0.010648148 | K31: ='Alternative ICE Paths'!J$31 -> 1 | M31: Alternative ICE path | N31: ='Alternative ICE Paths'!K$13 -> 0.0038657407 | O31: ='Alternative ICE Paths'!K$26 -> 1 | P31: ='Alternative ICE Paths'!K$28 -> 0.0099537037 | Q31: ='Alternative ICE Paths'!K$31 -> 1
A32: Stop Almelo | B32: ='Stop Almelo'!I$13 -> 0.021736111 | C32: ='Stop Almelo'!I$26 -> 0.5 | D32: ='Stop Almelo'!I$28 -> -0.0037962963 | E32: ='Stop Almelo'!I$31 -> 1 | G32: Stop Almelo | H32: ='Stop Almelo'!J$13 -> 0.0071527778 | I32: ='Stop Almelo'!J$26 -> 0.66666667 | J32: ='Stop Almelo'!J$28 -> 0.0027546296 | K32: ='Stop Almelo'!J$31 -> 1 | M32: Stop Almelo | N32: ='Stop Almelo'!K$13 -> 0.0078472222 | O32: ='Stop Almelo'!K$26 -> 0.66666667 | P32: ='Stop Almelo'!K$28 -> 0.0020601852 | Q32: ='Stop Almelo'!K$31 -> 1
A34: 12 minute delay | B34: Total delay | C34: Total punctuality | D34: Diff ICE delay | E34: Transfer punct | G34: 13 minute delay | H34: Total delay | I34: Total punctuality | J34: Diff ICE delay | K34: Transfer punct | M34: 14 minute delay | N34: Total delay | O34: Total punctuality | P34: Diff ICE delay | Q34: Transfer punct
A35: Cancel stop Hgl-Odz-Zp | B35: ='Cancel Stop Hgl-Odz-Hgl'!L$13 -> 0.0095138889 | C35: ='Cancel Stop Hgl-Odz-Hgl'!L$26 -> 0.83333333 | D35: ='Cancel Stop Hgl-Odz-Hgl'!L$28 -> 0.0013657407 | E35: ='Cancel Stop Hgl-Odz-Hgl'!L$31 -> 1 | G35: Cancel stop Hgl-Odz-Zp | H35: ='Cancel Stop Hgl-Odz-Hgl'!M$13 -> 0.010787037 | I35: ='Cancel Stop Hgl-Odz-Hgl'!M$26 -> 0.66666667 | J35: ='Cancel Stop Hgl-Odz-Hgl'!M$28 -> 0.0006712963 | K35: ='Cancel Stop Hgl-Odz-Hgl'!M$31 -> 1 | M35: Cancel stop Hgl-Odz-Zp | N35: ='Cancel Stop Hgl-Odz-Hgl'!N$13 -> 0.011481481 | O35: ='Cancel Stop Hgl-Odz-Hgl'!N$26 -> 0.66666667 | P35: ='Cancel Stop Hgl-Odz-Hgl'!N$28 -> -2.3148148e-05 | Q35: ='Cancel Stop Hgl-Odz-Hgl'!N$31 -> 1
A36: ICE waits | B36: ='ICE Waits'!L$13 -> 0.0094907407 | C36: ='ICE Waits'!L$26 -> 0.66666667 | D36: ='ICE Waits'!L$28 -> 0.0013657407 | E36: ='ICE Waits'!L$31 -> 1 | G36: ICE waits | H36: ='ICE Waits'!M$13 -> 0.010185185 | I36: ='ICE Waits'!M$26 -> 0.66666667 | J36: ='ICE Waits'!M$28 -> 0.0006712963 | K36: ='ICE Waits'!M$31 -> 1 | M36: ICE waits | N36: ='ICE Waits'!N$13 -> 0.01087963 | O36: ='ICE Waits'!N$26 -> 0.66666667 | P36: ='ICE Waits'!N$28 -> -2.3148148e-05 | Q36: ='ICE Waits'!N$31 -> 1
A37: Stop waits | B37: ='Stop Waits'!L$13 -> 0.031944444 | C37: ='Stop Waits'!L$26 -> 0.5 | D37: ='Stop Waits'!L$28 -> 0.0013657407 | E37: ='Stop Waits'!L$31 -> 0.6 | G37: Stop waits | H37: ='Stop Waits'!M$13 -> 0.043425926 | I37: ='Stop Waits'!M$26 -> 0.5 | J37: ='Stop Waits'!M$28 -> 0.0006712963 | K37: ='Stop Waits'!M$31 -> 0.4 | M37: Stop waits | N37: ='Stop Waits'!N$13 -> 0.029537037 | O37: ='Stop Waits'!N$26 -> 0.5 | P37: ='Stop Waits'!N$28 -> -2.3148148e-05 | Q37: ='Stop Waits'!N$31 -> 0.6
A38: Remove stop Hengelo | B38: ='Remove stop Hengelo'!L$13 -> 0.010949074 | C38: ='Remove stop Hengelo'!L$26 -> 0.66666667 | D38: ='Remove stop Hengelo'!L$28 -> 0.0013657407 | E38: ='Remove stop Hengelo'!L$31 -> 1 | G38: Remove stop Hengelo | H38: ='Remove stop Hengelo'!M$13 -> 0.011643519 | I38: ='Remove stop Hengelo'!M$26 -> 0.66666667 | J38: ='Remove stop Hengelo'!M$28 -> 0.0006712963 | K38: ='Remove stop Hengelo'!M$31 -> 1 | M38: Remove stop Hengelo | N38: ='Remove stop Hengelo'!N$13 -> 0.00625 | O38: ='Remove stop Hengelo'!N$26 -> 0.83333333 | P38: ='Remove stop Hengelo'!N$28 -> -2.3148148e-05 | Q38: ='Remove stop Hengelo'!N$31 -> 1
A39: Extra platform Hengelo | B39: ='Extra platform Hengelo'!L$13 -> 0.012268519 | C39: ='Extra platform Hengelo'!L$26 -> 0.66666667 | D39: ='Extra platform Hengelo'!L$28 -> 0.0013657407 | E39: ='Extra platform Hengelo'!L$31 -> 1 | G39: Extra platform Hengelo | H39: ='Extra platform Hengelo'!M$13 -> 0.02375 | I39: ='Extra platform Hengelo'!M$26 -> 0.66666667 | J39: ='Extra platform Hengelo'!M$28 -> 0.0006712963 | K39: ='Extra platform Hengelo'!M$31 -> 0.8 | M39: Extra platform Hengelo | N39: ='Extra platform Hengelo'!N$13 -> 0.0098611111 | O39: ='Extra platform Hengelo'!N$26 -> 0.66666667 | P39: ='Extra platform Hengelo'!N$28 -> -2.3148148e-05 | Q39: ='Extra platform Hengelo'!N$31 -> 1
A40: Short-turn Hengelo | B40: ='Short-turn Hengelo'!L$13 -> 0.012314815 | C40: ='Short-turn Hengelo'!L$26 -> 0.83333333 | D40: ='Short-turn Hengelo'!L$28 -> N/A | E40: ='Short-turn Hengelo'!L$31 -> 1 | G40: Short-turn Hengelo | H40: ='Short-turn Hengelo'!M$13 -> 0.012314815 | I40: ='Short-turn Hengelo'!M$26 -> 0.83333333 | J40: ='Short-turn Hengelo'!M$28 -> N/A | K40: ='Short-turn Hengelo'!M$31 -> 1 | M40: Short-turn Hengelo | N40: ='Short-turn Hengelo'!N$13 -> 0.012314815 | O40: ='Short-turn Hengelo'!N$26 -> 0.83333333 | P40: ='Short-turn Hengelo'!N$28 -> N/A | Q40: ='Short-turn Hengelo'!N$31 -> 1
A41: Overtake Rijssen | B41: ='Overtake Rijssen'!L$13 -> 0.019467593 | C41: ='Overtake Rijssen'!L$26 -> 0.66666667 | D41: ='Overtake Rijssen'!L$28 -> -0.00050925926 | E41: ='Overtake Rijssen'!L$31 -> 1 | G41: Overtake Rijssen | H41: ='Overtake Rijssen'!M$13 -> 0.020023148 | I41: ='Overtake Rijssen'!M$26 -> 0.5 | J41: ='Overtake Rijssen'!M$28 -> -0.0012037037 | K41: ='Overtake Rijssen'!M$31 -> 1 | M41: Overtake Rijssen | N41: ='Overtake Rijssen'!N$13 -> 0.020578704 | O41: ='Overtake Rijssen'!N$26 -> 0.5 | P41: ='Overtake Rijssen'!N$28 -> -0.0018981481 | Q41: ='Overtake Rijssen'!N$31 -> 1
A42: Alternative ICE path | B42: ='Alternative ICE Paths'!L$13 -> 0.0038657407 | C42: ='Alternative ICE Paths'!L$26 -> 1 | D42: ='Alternative ICE Paths'!L$28 -> 0.0092592593 | E42: ='Alternative ICE Paths'!L$31 -> 1 | G42: Alternative ICE path | H42: ='Alternative ICE Paths'!M$13 -> 0.0038657407 | I42: ='Alternative ICE Paths'!M$26 -> 1 | J42: ='Alternative ICE Paths'!M$28 -> 0.0085648148 | K42: ='Alternative ICE Paths'!M$31 -> 1 | M42: Alternative ICE path | N42: ='Alternative ICE Paths'!N$13 -> 0.0038657407 | O42: ='Alternative ICE Paths'!N$26 -> 1 | P42: ='Alternative ICE Paths'!N$28 -> 0.0078703704 | Q42: ='Alternative ICE Paths'!N$31 -> 1
A43: Stop Almelo | B43: ='Stop Almelo'!L$13 -> 0.010925926 | C43: ='Stop Almelo'!L$26 -> 0.66666667 | D43: ='Stop Almelo'!L$28 -> 0.0013657407 | E43: ='Stop Almelo'!L$31 -> 1 | G43: Stop Almelo | H43: ='Stop Almelo'!M$13 -> 0.01162037 | I43: ='Stop Almelo'!M$26 -> 0.66666667 | J43: ='Stop Almelo'!M$28 -> 0.0006712963 | K43: ='Stop Almelo'!M$31 -> 1 | M43: Stop Almelo | N43: ='Stop Almelo'!N$13 -> 0.010162037 | O43: ='Stop Almelo'!N$26 -> 0.66666667 | P43: ='Stop Almelo'!N$28 -> -2.3148148e-05 | Q43: ='Stop Almelo'!N$31 -> 1
A45: 15 minute delay | B45: Total delay | C45: Total punctuality | D45: Diff ICE delay | E45: Transfer punct | G45: 20 minute delay | H45: Total delay | I45: Total punctuality | J45: Diff ICE delay | K45: Transfer punct | M45: 25 minute delay | N45: Total delay | O45: Total punctuality | P45: Diff ICE delay | Q45: Transfer punct
A46: Cancel stop Hgl-Odz-Zp | B46: ='Cancel Stop Hgl-Odz-Hgl'!O$13 -> 0.012175926 | C46: ='Cancel Stop Hgl-Odz-Hgl'!O$26 -> 0.66666667 | D46: ='Cancel Stop Hgl-Odz-Hgl'!O$28 -> -0.00071759259 | E46: ='Cancel Stop Hgl-Odz-Hgl'!O$31 -> 1 | G46: Cancel stop Hgl-Odz-Zp | H46: ='Cancel Stop Hgl-Odz-Hgl'!P$13 -> 0.0054861111 | I46: ='Cancel Stop Hgl-Odz-Hgl'!P$26 -> 1 | J46: ='Cancel Stop Hgl-Odz-Hgl'!P$28 -> 0.0037037037 | K46: ='Cancel Stop Hgl-Odz-Hgl'!P$31 -> 1 | M46: Cancel stop Hgl-Odz-Zp | N46: ='Cancel Stop Hgl-Odz-Hgl'!Q$13 -> 0.0054861111 | O46: ='Cancel Stop Hgl-Odz-Hgl'!Q$26 -> 1 | P46: ='Cancel Stop Hgl-Odz-Hgl'!Q$28 -> 0.00023148148 | Q46: ='Cancel Stop Hgl-Odz-Hgl'!Q$31 -> 1
A47: ICE waits | B47: ='ICE Waits'!O$13 -> 0.012314815 | C47: ='ICE Waits'!O$26 -> 0.83333333 | D47: ='ICE Waits'!O$28 -> -0.00087962963 | E47: ='ICE Waits'!O$31 -> 1 | G47: ICE waits | H47: ='ICE Waits'!P$13 -> 0.0038657407 | I47: ='ICE Waits'!P$26 -> 1 | J47: ='ICE Waits'!P$28 -> 0.0037037037 | K47: ='ICE Waits'!P$31 -> 1 | M47: ICE waits | N47: ='ICE Waits'!Q$13 -> 0.0038657407 | O47: ='ICE Waits'!Q$26 -> 1 | P47: ='ICE Waits'!Q$28 -> 0.00023148148 | Q47: ='ICE Waits'!Q$31 -> 1
A48: Stop waits | B48: ='Stop Waits'!O$13 -> 0.024351852 | C48: ='Stop Waits'!O$26 -> 0.66666667 | D48: ='Stop Waits'!O$28 -> -0.00071759259 | E48: ='Stop Waits'!O$31 -> 0.6 | G48: Stop waits | H48: ='Stop Waits'!P$13 -> 0.023541667 | I48: ='Stop Waits'!P$26 -> 0.83333333 | J48: ='Stop Waits'!P$28 -> 0.0037037037 | K48: ='Stop Waits'!P$31 -> 0.6 | M48: Stop waits | N48: ='Stop Waits'!Q$13 -> 0.023541667 | O48: ='Stop Waits'!Q$26 -> 0.83333333 | P48: ='Stop Waits'!Q$28 -> 0.00023148148 | Q48: ='Stop Waits'!Q$31 -> 0.6
A49: Remove stop Hengelo | B49: ='Remove stop Hengelo'!O$13 -> 0.0068518519 | C49: ='Remove stop Hengelo'!O$26 -> 0.66666667 | D49: ='Remove stop Hengelo'!O$28 -> -0.00071759259 | E49: ='Remove stop Hengelo'!O$31 -> 1 | G49: Remove stop Hengelo | H49: ='Remove stop Hengelo'!P$13 -> 0.0085185185 | I49: ='Remove stop Hengelo'!P$26 -> 0.83333333 | J49: ='Remove stop Hengelo'!P$28 -> -0.0024537037 | K49: ='Remove stop Hengelo'!P$31 -> 1 | M49: Remove stop Hengelo | N49: ='Remove stop Hengelo'!Q$13 -> 0.0038657407 | O49: ='Remove stop Hengelo'!Q$26 -> 1 | P49: ='Remove stop Hengelo'!Q$28 -> 0.00023148148 | Q49: ='Remove stop Hengelo'!Q$31 -> 1
A50: Extra platform Hengelo | B50: ='Extra platform Hengelo'!O$13 -> 0.0046759259 | C50: ='Extra platform Hengelo'!O$26 -> 0.83333333 | D50: ='Extra platform Hengelo'!O$28 -> -0.00071759259 | E50: ='Extra platform Hengelo'!O$31 -> 1 | G50: Extra platform Hengelo | H50: ='Extra platform Hengelo'!P$13 -> 0.0038657407 | I50: ='Extra platform Hengelo'!P$26 -> 1 | J50: ='Extra platform Hengelo'!P$28 -> 0.0037037037 | K50: ='Extra platform Hengelo'!P$31 -> 1 | M50: Extra platform Hengelo | N50: ='Extra platform Hengelo'!Q$13 -> 0.0038657407 | O50: ='Extra platform Hengelo'!Q$26 -> 1 | P50: ='Extra platform Hengelo'!Q$28 -> 0.00023148148 | Q50: ='Extra platform Hengelo'!Q$31 -> 1
A51: Short-turn Hengelo | B51: ='Short-turn Hengelo'!O$13 -> 0.012314815 | C51: ='Short-turn Hengelo'!O$26 -> 0.83333333 | D51: ='Short-turn Hengelo'!O$28 -> N/A | E51: ='Short-turn Hengelo'!O$31 -> 1 | G51: Short-turn Hengelo | H51: ='Short-turn Hengelo'!P$13 -> 0.0038657407 | I51: ='Short-turn Hengelo'!P$26 -> 1 | J51: ='Short-turn Hengelo'!P$28 -> N/A | K51: ='Short-turn Hengelo'!P$31 -> 1 | M51: Short-turn Hengelo | N51: ='Short-turn Hengelo'!Q$13 -> 0.0038657407 | O51: ='Short-turn Hengelo'!Q$26 -> 1 | P51: ='Short-turn Hengelo'!Q$28 -> N/A | Q51: ='Short-turn Hengelo'!Q$31 -> 1
A52: Overtake Rijssen | B52: ='Overtake Rijssen'!O$13 -> 0.021736111 | C52: ='Overtake Rijssen'!O$26 -> 0.5 | D52: ='Overtake Rijssen'!O$28 -> -0.0025925926 | E52: ='Overtake Rijssen'!O$31 -> 1 | G52: Overtake Rijssen | H52: ='Overtake Rijssen'!P$13 -> 0.015787037 | I52: ='Overtake Rijssen'!P$26 -> 0.83333333 | J52: ='Overtake Rijssen'!P$28 -> 0.003587963 | K52: ='Overtake Rijssen'!P$31 -> 1 | M52: Overtake Rijssen | N52: ='Overtake Rijssen'!Q$13 -> 0.023541667 | O52: ='Overtake Rijssen'!Q$26 -> 0.83333333 | P52: ='Overtake Rijssen'!Q$28 -> 0.00087962963 | Q52: ='Overtake Rijssen'!Q$31 -> 1
A53: Alternative ICE path | B53: ='Alternative ICE Paths'!O$13 -> 0.0038657407 | C53: ='Alternative ICE Paths'!O$26 -> 1 | D53: ='Alternative ICE Paths'!O$28 -> 0.0071759259 | E53: ='Alternative ICE Paths'!O$31 -> 1 | G53: Alternative ICE path | H53: ='Alternative ICE Paths'!P$13 -> 0.0038657407 | I53: ='Alternative ICE Paths'!P$26 -> 1 | J53: ='Alternative ICE Paths'!P$28 -> 0.0037037037 | K53: ='Alternative ICE Paths'!P$31 -> 1 | M53: Alternative ICE path | N53: ='Alternative ICE Paths'!Q$13 -> 0.0038657407 | O53: ='Alternative ICE Paths'!Q$26 -> 1 | P53: ='Alternative ICE Paths'!Q$28 -> 0.00023148148 | Q53: ='Alternative ICE Paths'!Q$31 -> 1
A54: Stop Almelo | B54: ='Stop Almelo'!O$13 -> 0.010763889 | C54: ='Stop Almelo'!O$26 -> 0.66666667 | D54: ='Stop Almelo'!O$28 -> -0.00071759259 | E54: ='Stop Almelo'!O$31 -> 1 | G54: Stop Almelo | H54: ='Stop Almelo'!P$13 -> 0.0084259259 | I54: ='Stop Almelo'!P$26 -> 0.83333333 | J54: ='Stop Almelo'!P$28 -> -0.0025694444 | K54: ='Stop Almelo'!P$31 -> 1 | M54: Stop Almelo | N54: ='Stop Almelo'!Q$13 -> 0.0038657407 | O54: ='Stop Almelo'!Q$26 -> 1 | P54: ='Stop Almelo'!Q$28 -> 0.00023148148 | Q54: ='Stop Almelo'!Q$31 -> 1
A56: Total | B56: Total delay | C56: Total punctuality | D56: Diff ICE delay | E56: Transfer punct | F56: Aantal cancelled stops ICE | G56: Aantal cancelled stops Stop trains | H56: Met # min delay haalt ICE zn pad
A57: Cancel stop Hgl-Odz-Zp | B57: =B2+H2+N2+B13+H13+N13+B24+H24+N24+B35+H35+N35+B46+H46+N46 -> 0.18909722 | C57: =AVERAGE(C2,I2,O2,C13,I13,O13,C24,I24,O24,C35,I35,O35,C46,I46,O46) -> 0.68888889 | D57: =AVERAGE(D2,J2,P2,D13,J13,P13,D24,J24,P24,D35,J35,P35,D46,J46,P46) -> -0.00092592593 | E57: =AVERAGE(E2,K2,Q2,E13,K13,Q13,E24,K24,Q24,E35,K35,Q35,E46,K46,Q46) -> 0.93333333 | F57: 0 | G57: 4 | H57: 0.00625
A58: ICE waits | B58: =B3+H3+N3+B14+H14+N14+B25+H25+N25+B36+H36+N36+B47+H47+N47 -> 0.14324074 | C58: =AVERAGE(C3,I3,O3,C14,I14,O14,C25,I25,O25,C36,I36,O36,C47,I47,O47) -> 0.74444444 | D58: =AVERAGE(D3,J3,P3,D14,J14,P14,D25,J25,P25,D36,J36,P36,D47,J47,P47) -> 0.0013333333 | E58: =AVERAGE(E3,K3,Q3,E14,K14,Q14,E25,K25,Q25,E36,K36,Q36,E47,K47,Q47) -> 0.88 | F58: 0 | G58: 0 | H58: 0.0034722222
A59: Stop waits | B59: =B4+H4+N4+B15+H15+N15+B26+H26+N26+B37+H37+N37+B48+H48+N48 -> 0.33805556 | C59: =AVERAGE(C4,I4,O4,C15,I15,O15,C26,I26,O26,C37,I37,O37,C48,I48,O48) -> 0.53333333 | D59: =AVERAGE(D4,J4,P4,D15,J15,P15,D26,J26,P26,D37,J37,P37,D48,J48,P48) -> -0.00089506173 | E59: =AVERAGE(E4,K4,Q4,E15,K15,Q15,E26,K26,Q26,E37,K37,Q37,E48,K48,Q48) -> 0.52 | F59: 0 | G59: 0 | H59: 0.00625
A60: Remove stop Hengelo | B60: =B5+H5+N5+B16+H16+N16+B27+H27+N27+B38+H38+N38+B49+H49+N49 -> 0.13738426 | C60: =AVERAGE(C5,I5,O5,C16,I16,O16,C27,I27,O27,C38,I38,O38,C49,I49,O49) -> 0.72222222 | D60: =AVERAGE(D5,J5,P5,D16,J16,P16,D27,J27,P27,D38,J38,P38,D49,J49,P49) -> -0.0015648148 | E60: =AVERAGE(E5,K5,Q5,E16,K16,Q16,E27,K27,Q27,E38,K38,Q38,E49,K49,Q49) -> 0.88 | F60: 1 | G60: 0 | H60: 0.00625
A61: Extra platform Hengelo | B61: =B6+H6+N6+B17+H17+N17+B28+H28+N28+B39+H39+N39+B50+H50+N50 -> 0.17990741 | C61: =AVERAGE(C6,I6,O6,C17,I17,O17,C28,I28,O28,C39,I39,O39,C50,I50,O50) -> 0.66666667 | D61: =AVERAGE(D6,J6,P6,D17,J17,P17,D28,J28,P28,D39,J39,P39,D50,J50,P50) -> -0.00084104938 | E61: =AVERAGE(E6,K6,Q6,E17,K17,Q17,E28,K28,Q28,E39,K39,Q39,E50,K50,Q50) -> 0.81333333 | F61: 0 | G61: 0 | H61: 0.00625
A62: Short-turn Hengelo | B62: =B7+H7+N7+B18+H18+N18+B29+H29+N29+B40+H40+N40+B51+H51+N51 -> 0.13421296 | C62: =AVERAGE(C7,I7,O7,C18,I18,O18,C29,I29,O29,C40,I40,O40,C51,I51,O51) -> 0.87777778 | D62: N/A | E62: =AVERAGE(E7,K7,Q7,E18,K18,Q18,E29,K29,Q29,E40,K40,Q40,E51,K51,Q51) -> 0.89333333 | F62: 10 | G62: 0 | H62: 0
A63: Overtake Rijssen | B63: =B8+H8+N8+B19+H19+N19+B30+H30+N30+B41+H41+N41+B52+H52+N52 -> 0.30784722 | C63: =AVERAGE(C8,I8,O8,C19,I19,O19,C30,I30,O30,C41,I41,O41,C52,I52,O52) -> 0.6 | D63: =AVERAGE(D8,J8,P8,D19,J19,P19,D30,J30,P30,D41,J41,P41,D52,J52,P52) -> -0.00041358025 | E63: =AVERAGE(E8,K8,Q8,E19,K19,Q19,E30,K30,Q30,E41,K41,Q41,E52,K52,Q52) -> 0.84 | F63: 0 | G63: 0 | H63: 0.0041666667
A64: Alternative ICE path | B64: =B9+H9+N9+B20+H20+N20+B31+H31+N31+B42+H42+N42+B53+H53+N53 -> 0.057986111 | C64: =AVERAGE(C9,I9,O9,C20,I20,O20,C31,I31,O31,C42,I42,O42,C53,I53,O53) -> 1 | D64: =AVERAGE(D9,J9,P9,D20,J20,P20,D31,J31,P31,D42,J42,P42,D53,J53,P53) -> 0.010092593 | E64: =AVERAGE(E9,K9,Q9,E20,K20,Q20,E31,K31,Q31,E42,K42,Q42,E53,K53,Q53) -> 1 | F64: 0 | G64: 0 | H64: 0
A65: Stop Almelo | B65: =B10+H10+N10+B21+H21+N21+B32+H32+N32+B43+H43+N43+B54+H54+N54 -> 0.1793287 | C65: =AVERAGE(C10,I10,O10,C21,I21,O21,C32,I32,O32,C43,I43,O43,C54,I54,O54) -> 0.64444444 | D65: =AVERAGE(D10,J10,P10,D21,J21,P21,D32,J32,P32,D43,J43,P43,D54,J54,P54) -> -0.0012283951 | E65: =AVERAGE(E10,K10,Q10,E21,K21,Q21,E32,K32,Q32,E43,K43,Q43,E54,K54,Q54) -> 0.84 | F65: 0.5 | G65: 0 | H65: 0.00625
A67: Overall | B67: KPI1 | C67: KPI2 | D67: KPI3 | E67: KPI4 | F67: KPI5 | G67: KPI6 | H67: KPI7 | I67: KPI8 | J67: Gemiddelde | K67: Gemiddelde ICE Prioritize | L67: Prioritize domestic
A68: Cancel stop Hgl-Odz-Zp | B68: =4*(H57-$H$64)/($H$60-$H$64)+1 -> 5 | C68: =4*(D57-$D$64)/($D$60-$D$64)+1 -> 4.7807784 | D68: =4*(C57-$C$59)/($C$64-$C$59)+1 -> 2.3333333 | E68: =4*(E57-$E$59)/($E$64-$E$59)+1 -> 4.4444444 | F68: =5-4*(B57-MIN($B$57:$B$65))/(MAX($B$57:$B$65)-MIN($B$57:$B$65)) -> 3.1274485 | G68: =5-(4*(F57-MIN($F$57:$F$65))/(MAX($F$57:$F$65)-MIN($F$57:$F$65))) -> 5 | H68: =5-(4*(G57-$G$58)/($G$57-$G$58)) -> 1 | I68: 5 | J68: =AVERAGE(B68:I68) -> 3.8357506 | K68: =(2*(B68+C68+G68)+D68+E68+F68+H68+I68)/11 -> 4.1333439 | L68: =(2*(D68+E68+F68+H68)+B68+C68+G68+I68)/12 -> 3.4659359
A69: ICE waits | B69: =4*(H58-$H$64)/($H$60-$H$64)+1 -> 3.2222222 | C69: =4*(D58-$D$64)/($D$60-$D$64)+1 -> 4.00556 | D69: =4*(C58-$C$59)/($C$64-$C$59)+1 -> 2.8095238 | E69: =4*(E58-$E$59)/($E$64-$E$59)+1 -> 4 | F69: =5-4*(B58-MIN($B$57:$B$65))/(MAX($B$57:$B$65)-MIN($B$57:$B$65)) -> 3.7823787 | G69: =5-(4*(F58-MIN($F$57:$F$65))/(MAX($F$57:$F$65)-MIN($F$57:$F$65))) -> 5 | H69: =5-(4*(G58-$G$58)/($G$57-$G$58)) -> 5 | I69: 5 | J69: =AVERAGE(B69:I69) -> 4.1024606 | K69: =(2*(B69+C69+G69)+D69+E69+F69+H69+I69)/11 -> 4.0952243 | L69: =(2*(D69+E69+F69+H69)+B69+C69+G69+I69)/12 -> 4.0342989
A70: Stop waits | B70: =4*(H59-$H$64)/($H$60-$H$64)+1 -> 5 | C70: =4*(D59-$D$64)/($D$60-$D$64)+1 -> 4.770188 | D70: =4*(C59-$C$59)/($C$64-$C$59)+1 -> 1 | E70: =4*(E59-$E$59)/($E$64-$E$59)+1 -> 1 | F70: =5-4*(B59-MIN($B$57:$B$65))/(MAX($B$57:$B$65)-MIN($B$57:$B$65)) -> 1 | G70: =5-(4*(F59-MIN($F$57:$F$65))/(MAX($F$57:$F$65)-MIN($F$57:$F$65))) -> 5 | H70: =5-(4*(G59-$G$58)/($G$57-$G$58)) -> 5 | I70: 5 | J70: =AVERAGE(B70:I70) -> 3.4712735 | K70: =(2*(B70+C70+G70)+D70+E70+F70+H70+I70)/11 -> 3.8673069 | L70: =(2*(D70+E70+F70+H70)+B70+C70+G70+I70)/12 -> 2.980849
A71: Remove stop Hengelo | B71: =4*(H60-$H$64)/($H$60-$H$64)+1 -> 5 | C71: =4*(D60-$D$64)/($D$60-$D$64)+1 -> 5 | D71: =4*(C60-$C$59)/($C$64-$C$59)+1 -> 2.6190476 | E71: =4*(E60-$E$59)/($E$64-$E$59)+1 -> 4 | F71: =5-4*(B60-MIN($B$57:$B$65))/(MAX($B$57:$B$65)-MIN($B$57:$B$65)) -> 3.866022 | G71: =5-(4*(F60-MIN($F$57:$F$65))/(MAX($F$57:$F$65)-MIN($F$57:$F$65))) -> 4.6 | H71: =5-(4*(G60-$G$58)/($G$57-$G$58)) -> 5 | I71: 5 | J71: =AVERAGE(B71:I71) -> 4.3856337 | K71: =(2*(B71+C71+G71)+D71+E71+F71+H71+I71)/11 -> 4.5168245 | L71: =(2*(D71+E71+F71+H71)+B71+C71+G71+I71)/12 -> 4.2141783
A72: Extra platform Hengelo | B72: =4*(H61-$H$64)/($H$60-$H$64)+1 -> 5 | C72: =4*(D61-$D$64)/($D$60-$D$64)+1 -> 4.7516548 | D72: =4*(C61-$C$59)/($C$64-$C$59)+1 -> 2.1428571 | E72: =4*(E61-$E$59)/($E$64-$E$59)+1 -> 3.4444444 | F72: =5-4*(B61-MIN($B$57:$B$65))/(MAX($B$57:$B$65)-MIN($B$57:$B$65)) -> 3.2586991 | G72: =5-(4*(F61-MIN($F$57:$F$65))/(MAX($F$57:$F$65)-MIN($F$57:$F$65))) -> 5 | H72: =5-(4*(G61-$G$58)/($G$57-$G$58)) -> 5 | I72: 1 | J72: =AVERAGE(B72:I72) -> 3.6997069 | K72: =(2*(B72+C72+G72)+D72+E72+F72+H72+I72)/11 -> 4.0317555 | L72: =(2*(D72+E72+F72+H72)+B72+C72+G72+I72)/12 -> 3.6203047
A73: Short-turn Hengelo | B73: =4*(H62-$H$64)/($H$60-$H$64)+1 -> 1 | C73: 0 | D73: =4*(C62-$C$59)/($C$64-$C$59)+1 -> 3.952381 | E73: =4*(E62-$E$59)/($E$64-$E$59)+1 -> 4.1111111 | F73: =5-4*(B62-MIN($B$57:$B$65))/(MAX($B$57:$B$65)-MIN($B$57:$B$65)) -> 3.911315 | G73: =5-(4*(F62-MIN($F$57:$F$65))/(MAX($F$57:$F$65)-MIN($F$57:$F$65))) -> 1 | H73: =5-(4*(G62-$G$58)/($G$57-$G$58)) -> 5 | I73: 3 | J73: =AVERAGE(B73:I73) -> 2.7468509 | K73: =(2*(B73+C73+G73)+D73+E73+F73+H73+I73)/11 -> 2.1795279 | L73: =(2*(D73+E73+F73+H73)+B73+C73+G73+I73)/12 -> 3.2458012
A74: Overtake Rijssen | B74: =4*(H63-$H$64)/($H$60-$H$64)+1 -> 3.6666667 | C74: =4*(D63-$D$64)/($D$60-$D$64)+1 -> 4.6049775 | D74: =4*(C63-$C$59)/($C$64-$C$59)+1 -> 1.5714286 | E74: =4*(E63-$E$59)/($E$64-$E$59)+1 -> 3.6666667 | F74: =5-4*(B63-MIN($B$57:$B$65))/(MAX($B$57:$B$65)-MIN($B$57:$B$65)) -> 1.4314406 | G74: =5-(4*(F63-MIN($F$57:$F$65))/(MAX($F$57:$F$65)-MIN($F$57:$F$65))) -> 5 | H74: =5-(4*(G63-$G$58)/($G$57-$G$58)) -> 5 | I74: 5 | J74: =AVERAGE(B74:I74) -> 3.7426475 | K74: =(2*(B74+C74+G74)+D74+E74+F74+H74+I74)/11 -> 3.9284386 | L74: =(2*(D74+E74+F74+H74)+B74+C74+G74+I74)/12 -> 3.4675597
A75: Alternative ICE path | B75: =4*(H64-$H$64)/($H$60-$H$64)+1 -> 1 | C75: =4*(D64-$D$64)/($D$60-$D$64)+1 -> 1 | D75: =4*(C64-$C$59)/($C$64-$C$59)+1 -> 5 | E75: =4*(E64-$E$59)/($E$64-$E$59)+1 -> 5 | F75: =5-4*(B64-MIN($B$57:$B$65))/(MAX($B$57:$B$65)-MIN($B$57:$B$65)) -> 5 | G75: =5-(4*(F64-MIN($F$57:$F$65))/(MAX($F$57:$F$65)-MIN($F$57:$F$65))) -> 5 | H75: =5-(4*(G64-$G$58)/($G$57-$G$58)) -> 5 | I75: 5 | J75: =AVERAGE(B75:I75) -> 4 | K75: =(2*(B75+C75+G75)+D75+E75+F75+H75+I75)/11 -> 3.5454545 | L75: =(2*(D75+E75+F75+H75)+B75+C75+G75+I75)/12 -> 4.3333333
A76: Stop Almelo | B76: =4*(H65-$H$64)/($H$60-$H$64)+1 -> 5 | C76: =4*(D65-$D$64)/($D$60-$D$64)+1 -> 4.8845645 | D76: =4*(C65-$C$59)/($C$64-$C$59)+1 -> 1.952381 | E76: =4*(E65-$E$59)/($E$64-$E$59)+1 -> 3.6666667 | F76: =5-4*(B65-MIN($B$57:$B$65))/(MAX($B$57:$B$65)-MIN($B$57:$B$65)) -> 3.2669642 | G76: =5-(4*(F65-MIN($F$57:$F$65))/(MAX($F$57:$F$65)-MIN($F$57:$F$65))) -> 4.8 | H76: =5-(4*(G65-$G$58)/($G$57-$G$58)) -> 5 | I76: 5 | J76: =AVERAGE(B76:I76) -> 4.196322 | K76: =(2*(B76+C76+G76)+D76+E76+F76+H76+I76)/11 -> 4.386831 | L76: =(2*(D76+E76+F76+H76)+B76+C76+G76+I76)/12 -> 3.9547157
A78: 3 minute delay | B78: KPI1 | C78: KPI2 | D78: KPI3 | E78: KPI4 | F78: KPI5 | G78: KPI6 | H78: KPI7 | I78: KPI8 | J78: Score | K78: Gemiddelde ICE Prioritize | L78: Prioritize domestic
A79: Cancel stop Hgl-Odz-Zp | B79: =4*($H$57-$H$64)/($H$60-$H$64)+1 -> 5 | C79: =4*($D$2-MAX($D$2:$D$10))/(MIN($D$2:$D$10)-MAX($D$2:$D$10))+1 -> 5 | D79: =4*(C2-MIN($C$2:$C$10))/(MAX($C$2:$C$10)-MIN($C$2:$C$10))+1 -> 3.6666667 | E79: =4*(E2-MIN($E$2:$E$10))/(MAX($E$2:$E$10)-MIN($E$2:$E$10))+1 -> 3.6666667 | F79: =5-4*(B2-MIN($B$2:$B$10))/(MAX($B$2:$B$10)-MIN($B$2:$B$10)) -> 3.2791293 | G79: =5-(4*($F$57-MIN($F$57:$F$65))/(MAX($F$57:$F$65)-MIN($F$57:$F$65))) -> 5 | H79: =5-(4*($G$57-$G$58)/($G$57-$G$58)) -> 1 | I79: 5 | J79: =AVERAGE(B79:I79) -> 3.9515578 | K79: =(2*(B79+C79+G79)+D79+E79+F79+H79+I79)/11 -> 4.2374966 | L79: =(2*(D79+E79+F79+H79)+B79+C79+G79+I79)/12 -> 3.6020771
A80: ICE waits | B80: =4*($H$58-$H$64)/($H$60-$H$64)+1 -> 3.2222222 | C80: =4*(D3-MAX($D$2:$D$10))/(MIN($D$2:$D$10)-MAX($D$2:$D$10))+1 -> 5 | D80: =4*(C3-MIN($C$2:$C$10))/(MAX($C$2:$C$10)-MIN($C$2:$C$10))+1 -> 2.3333333 | E80: =4*(E3-MIN($E$2:$E$10))/(MAX($E$2:$E$10)-MIN($E$2:$E$10))+1 -> 1 | F80: =5-4*(B3-MIN($B$2:$B$10))/(MAX($B$2:$B$10)-MIN($B$2:$B$10)) -> 2.787452 | G80: =5-(4*($F$58-MIN($F$57:$F$65))/(MAX($F$57:$F$65)-MIN($F$57:$F$65))) -> 5 | H80: =5-(4*($G$58-$G$58)/($G$57-$G$58)) -> 5 | I80: 5 | J80: =AVERAGE(B80:I80) -> 3.6678759 | K80: =(2*(B80+C80+G80)+D80+E80+F80+H80+I80)/11 -> 3.8695663 | L80: =(2*(D80+E80+F80+H80)+B80+C80+G80+I80)/12 -> 3.3719827
A81: Stop waits | B81: =4*($H$59-$H$64)/($H$60-$H$64)+1 -> 5 | C81: =4*(D4-MAX($D$2:$D$10))/(MIN($D$2:$D$10)-MAX($D$2:$D$10))+1 -> 5 | D81: =4*(C4-MIN($C$2:$C$10))/(MAX($C$2:$C$10)-MIN($C$2:$C$10))+1 -> 3.6666667 | E81: =4*(E4-MIN($E$2:$E$10))/(MAX($E$2:$E$10)-MIN($E$2:$E$10))+1 -> 1 | F81: =5-4*(B4-MIN($B$2:$B$10))/(MAX($B$2:$B$10)-MIN($B$2:$B$10)) -> 4.3751601 | G81: =5-(4*($F$59-MIN($F$57:$F$65))/(MAX($F$57:$F$65)-MIN($F$57:$F$65))) -> 5 | H81: =5-(4*($G$59-$G$58)/($G$57-$G$58)) -> 5 | I81: 5 | J81: =AVERAGE(B81:I81) -> 4.2552283 | K81: =(2*(B81+C81+G81)+D81+E81+F81+H81+I81)/11 -> 4.4583479 | L81: =(2*(D81+E81+F81+H81)+B81+C81+G81+I81)/12 -> 4.0069711
A82: Remove stop Hengelo | B82: =4*($H$60-$H$64)/($H$60-$H$64)+1 -> 5 | C82: =4*(D5-MAX($D$2:$D$10))/(MIN($D$2:$D$10)-MAX($D$2:$D$10))+1 -> 5 | D82: =4*(C5-MIN($C$2:$C$10))/(MAX($C$2:$C$10)-MIN($C$2:$C$10))+1 -> 5 | E82: =4*(E5-MIN($E$2:$E$10))/(MAX($E$2:$E$10)-MIN($E$2:$E$10))+1 -> 3.6666667 | F82: =5-4*(B5-MIN($B$2:$B$10))/(MAX($B$2:$B$10)-MIN($B$2:$B$10)) -> 5 | G82: =5-(4*($F$60-MIN($F$57:$F$65))/(MAX($F$57:$F$65)-MIN($F$57:$F$65))) -> 4.6 | H82: =5-(4*($G$60-$G$58)/($G$57-$G$58)) -> 5 | I82: 5 | J82: =AVERAGE(B82:I82) -> 4.7833333 | K82: =(2*(B82+C82+G82)+D82+E82+F82+H82+I82)/11 -> 4.8060606 | L82: =(2*(D82+E82+F82+H82)+B82+C82+G82+I82)/12 -> 4.7444444
A83: Extra platform Hengelo | B83: =4*($H$61-$H$64)/($H$60-$H$64)+1 -> 5 | C83: =4*(D6-MAX($D$2:$D$10))/(MIN($D$2:$D$10)-MAX($D$2:$D$10))+1 -> 5 | D83: =4*(C6-MIN($C$2:$C$10))/(MAX($C$2:$C$10)-MIN($C$2:$C$10))+1 -> 3.6666667 | E83: =4*(E6-MIN($E$2:$E$10))/(MAX($E$2:$E$10)-MIN($E$2:$E$10))+1 -> 2.3333333 | F83: =5-4*(B6-MIN($B$2:$B$10))/(MAX($B$2:$B$10)-MIN($B$2:$B$10)) -> 4.4007682 | G83: =5-(4*($F$61-MIN($F$57:$F$65))/(MAX($F$57:$F$65)-MIN($F$57:$F$65))) -> 5 | H83: =5-(4*($G$61-$G$58)/($G$57-$G$58)) -> 5 | I83: 1 | J83: =AVERAGE(B83:I83) -> 3.925096 | K83: =(2*(B83+C83+G83)+D83+E83+F83+H83+I83)/11 -> 4.2182517 | L83: =(2*(D83+E83+F83+H83)+B83+C83+G83+I83)/12 -> 3.900128
A84: Short-turn Hengelo | B84: =4*($H$62-$H$64)/($H$60-$H$64)+1 -> 1 | C84: 0 | D84: =4*(C7-MIN($C$2:$C$10))/(MAX($C$2:$C$10)-MIN($C$2:$C$10))+1 -> 5 | E84: =4*(E7-MIN($E$2:$E$10))/(MAX($E$2:$E$10)-MIN($E$2:$E$10))+1 -> 2.3333333 | F84: =5-4*(B7-MIN($B$2:$B$10))/(MAX($B$2:$B$10)-MIN($B$2:$B$10)) -> 4.2727273 | G84: =5-(4*($F$62-MIN($F$57:$F$65))/(MAX($F$57:$F$65)-MIN($F$57:$F$65))) -> 1 | H84: =5-(4*($G$62-$G$58)/($G$57-$G$58)) -> 5 | I84: 3 | J84: =AVERAGE(B84:I84) -> 2.7007576 | K84: =(2*(B84+C84+G84)+D84+E84+F84+H84+I84)/11 -> 2.1460055 | L84: =(2*(D84+E84+F84+H84)+B84+C84+G84+I84)/12 -> 3.1843434
A85: Overtake Rijssen | B85: =4*($H$63-$H$64)/($H$60-$H$64)+1 -> 3.6666667 | C85: =4*(D8-MAX($D$2:$D$10))/(MIN($D$2:$D$10)-MAX($D$2:$D$10))+1 -> 5 | D85: =4*(C8-MIN($C$2:$C$10))/(MAX($C$2:$C$10)-MIN($C$2:$C$10))+1 -> 1 | E85: =4*(E8-MIN($E$2:$E$10))/(MAX($E$2:$E$10)-MIN($E$2:$E$10))+1 -> 1 | F85: =5-4*(B8-MIN($B$2:$B$10))/(MAX($B$2:$B$10)-MIN($B$2:$B$10)) -> 1 | G85: =5-(4*($F$63-MIN($F$57:$F$65))/(MAX($F$57:$F$65)-MIN($F$57:$F$65))) -> 5 | H85: =5-(4*($G$63-$G$58)/($G$57-$G$58)) -> 5 | I85: 5 | J85: =AVERAGE(B85:I85) -> 3.3333333 | K85: =(2*(B85+C85+G85)+D85+E85+F85+H85+I85)/11 -> 3.6666667 | L85: =(2*(D85+E85+F85+H85)+B85+C85+G85+I85)/12 -> 2.8888889
A86: Alternative ICE path | B86: =4*($H$64-$H$64)/($H$60-$H$64)+1 -> 1 | C86: =4*(D9-MAX($D$2:$D$10))/(MIN($D$2:$D$10)-MAX($D$2:$D$10))+1 -> 1 | D86: =4*(C9-MIN($C$2:$C$10))/(MAX($C$2:$C$10)-MIN($C$2:$C$10))+1 -> 5 | E86: =4*(E9-MIN($E$2:$E$10))/(MAX($E$2:$E$10)-MIN($E$2:$E$10))+1 -> 5 | F86: =5-4*(B9-MIN($B$2:$B$10))/(MAX($B$2:$B$10)-MIN($B$2:$B$10)) -> 4.503201 | G86: =5-(4*($F$64-MIN($F$57:$F$65))/(MAX($F$57:$F$65)-MIN($F$57:$F$65))) -> 5 | H86: =5-(4*($G$64-$G$58)/($G$57-$G$58)) -> 5 | I86: 5 | J86: =AVERAGE(B86:I86) -> 3.9379001 | K86: =(2*(B86+C86+G86)+D86+E86+F86+H86+I86)/11 -> 3.500291 | L86: =(2*(D86+E86+F86+H86)+B86+C86+G86+I86)/12 -> 4.2505335
A87: Stop Almelo | B87: =4*($H$65-$H$64)/($H$60-$H$64)+1 -> 5 | C87: =4*(D10-MAX($D$2:$D$10))/(MIN($D$2:$D$10)-MAX($D$2:$D$10))+1 -> 5 | D87: =4*(C10-MIN($C$2:$C$10))/(MAX($C$2:$C$10)-MIN($C$2:$C$10))+1 -> 3.6666667 | E87: =4*(E10-MIN($E$2:$E$10))/(MAX($E$2:$E$10)-MIN($E$2:$E$10))+1 -> 1 | F87: =5-4*(B10-MIN($B$2:$B$10))/(MAX($B$2:$B$10)-MIN($B$2:$B$10)) -> 3.6888604 | G87: =5-(4*($F$65-MIN($F$57:$F$65))/(MAX($F$57:$F$65)-MIN($F$57:$F$65))) -> 4.8 | H87: =5-(4*($G$65-$G$58)/($G$57-$G$58)) -> 5 | I87: 5 | J87: =AVERAGE(B87:I87) -> 4.1444409 | K87: =(2*(B87+C87+G87)+D87+E87+F87+H87+I87)/11 -> 4.3595934 | L87: =(2*(D87+E87+F87+H87)+B87+C87+G87+I87)/12 -> 3.8759212
A89: 4 minute delay | B89: KPI1 | C89: KPI2 | D89: KPI3 | E89: KPI4 | F89: KPI5 | G89: KPI6 | H89: KPI7 | I89: KPI8 | J89: Score | K89: Gemiddelde ICE Prioritize | L89: Prioritize domestic
A90: Cancel stop Hgl-Odz-Zp | B90: =4*($H$57-$H$64)/($H$60-$H$64)+1 -> 5 | C90: =4*(J2-MAX($J$2:$J$10))/(MIN($J$2:$J$10)-MAX($J$2:$J$10))+1 -> 5 | D90: =4*(I2-MIN($I$2:$I$10))/(MAX($I$2:$I$10)-MIN($I$2:$I$10))+1 -> 4 | E90: =4*(K2-MIN($K$2:$K$10))/(MAX($K$2:$K$10)-MIN($K$2:$K$10))+1 -> 3.6666667 | F90: =5-4*(H2-MIN($H$2:$H$10))/(MAX($H$2:$H$10)-MIN($H$2:$H$10)) -> 3.6305819 | G90: =5-(4*($F$57-MIN($F$57:$F$65))/(MAX($F$57:$F$65)-MIN($F$57:$F$65))) -> 5 | H90: =5-(4*($G$57-$G$58)/($G$57-$G$58)) -> 1 | I90: 5 | J90: =AVERAGE(B90:I90) -> 4.0371561 | K90: =(2*(B90+C90+G90)+D90+E90+F90+H90+I90)/11 -> 4.2997499 | L90: =(2*(D90+E90+F90+H90)+B90+C90+G90+I90)/12 -> 3.7162081
A91: ICE waits | B91: =4*($H$58-$H$64)/($H$60-$H$64)+1 -> 3.2222222 | C91: =4*(J3-MAX($J$2:$J$10))/(MIN($J$2:$J$10)-MAX($J$2:$J$10))+1 -> 5 | D91: =4*(I3-MIN($I$2:$I$10))/(MAX($I$2:$I$10)-MIN($I$2:$I$10))+1 -> 1 | E91: =4*(K3-MIN($K$2:$K$10))/(MAX($K$2:$K$10)-MIN($K$2:$K$10))+1 -> 1 | F91: =5-4*(H3-MIN($H$2:$H$10))/(MAX($H$2:$H$10)-MIN($H$2:$H$10)) -> 2.4939107 | G91: =5-(4*($F$58-MIN($F$57:$F$65))/(MAX($F$57:$F$65)-MIN($F$57:$F$65))) -> 5 | H91: =5-(4*($G$58-$G$58)/($G$57-$G$58)) -> 5 | I91: 5 | J91: =AVERAGE(B91:I91) -> 3.4645166 | K91: =(2*(B91+C91+G91)+D91+E91+F91+H91+I91)/11 -> 3.7216686 | L91: =(2*(D91+E91+F91+H91)+B91+C91+G91+I91)/12 -> 3.100837
A92: Stop waits | B92: =4*($H$59-$H$64)/($H$60-$H$64)+1 -> 5 | C92: =4*(J4-MAX($J$2:$J$10))/(MIN($J$2:$J$10)-MAX($J$2:$J$10))+1 -> 5 | D92: =4*(I4-MIN($I$2:$I$10))/(MAX($I$2:$I$10)-MIN($I$2:$I$10))+1 -> 4 | E92: =4*(K4-MIN($K$2:$K$10))/(MAX($K$2:$K$10)-MIN($K$2:$K$10))+1 -> 1 | F92: =5-4*(H4-MIN($H$2:$H$10))/(MAX($H$2:$H$10)-MIN($H$2:$H$10)) -> 3.8254398 | G92: =5-(4*($F$59-MIN($F$57:$F$65))/(MAX($F$57:$F$65)-MIN($F$57:$F$65))) -> 5 | H92: =5-(4*($G$59-$G$58)/($G$57-$G$58)) -> 5 | I92: 5 | J92: =AVERAGE(B92:I92) -> 4.22818 | K92: =(2*(B92+C92+G92)+D92+E92+F92+H92+I92)/11 -> 4.4386763 | L92: =(2*(D92+E92+F92+H92)+B92+C92+G92+I92)/12 -> 3.9709066
A93: Remove stop Hengelo | B93: =4*($H$60-$H$64)/($H$60-$H$64)+1 -> 5 | C93: =4*(J5-MAX($J$2:$J$10))/(MIN($J$2:$J$10)-MAX($J$2:$J$10))+1 -> 5 | D93: =4*(I5-MIN($I$2:$I$10))/(MAX($I$2:$I$10)-MIN($I$2:$I$10))+1 -> 5 | E93: =4*(K5-MIN($K$2:$K$10))/(MAX($K$2:$K$10)-MIN($K$2:$K$10))+1 -> 3.6666667 | F93: =5-4*(H5-MIN($H$2:$H$10))/(MAX($H$2:$H$10)-MIN($H$2:$H$10)) -> 5 | G93: =5-(4*($F$60-MIN($F$57:$F$65))/(MAX($F$57:$F$65)-MIN($F$57:$F$65))) -> 4.6 | H93: =5-(4*($G$60-$G$58)/($G$57-$G$58)) -> 5 | I93: 5 | J93: =AVERAGE(B93:I93) -> 4.7833333 | K93: =(2*(B93+C93+G93)+D93+E93+F93+H93+I93)/11 -> 4.8060606 | L93: =(2*(D93+E93+F93+H93)+B93+C93+G93+I93)/12 -> 4.7444444
A94: Extra platform Hengelo | B94: =4*($H$61-$H$64)/($H$60-$H$64)+1 -> 5 | C94: =4*(J6-MAX($J$2:$J$10))/(MIN($J$2:$J$10)-MAX($J$2:$J$10))+1 -> 5 | D94: =4*(I6-MIN($I$2:$I$10))/(MAX($I$2:$I$10)-MIN($I$2:$I$10))+1 -> 4 | E94: =4*(K6-MIN($K$2:$K$10))/(MAX($K$2:$K$10)-MIN($K$2:$K$10))+1 -> 2.3333333 | F94: =5-4*(H6-MIN($H$2:$H$10))/(MAX($H$2:$H$10)-MIN($H$2:$H$10)) -> 3.8308525 | G94: =5-(4*($F$61-MIN($F$57:$F$65))/(MAX($F$57:$F$65)-MIN($F$57:$F$65))) -> 5 | H94: =5-(4*($G$61-$G$58)/($G$57-$G$58)) -> 5 | I94: 1 | J94: =AVERAGE(B94:I94) -> 3.8955232 | K94: =(2*(B94+C94+G94)+D94+E94+F94+H94+I94)/11 -> 4.1967442 | L94: =(2*(D94+E94+F94+H94)+B94+C94+G94+I94)/12 -> 3.8606976
A95: Short-turn Hengelo | B95: =4*($H$62-$H$64)/($H$60-$H$64)+1 -> 1 | C95: 0 | D95: =4*(I7-MIN($I$2:$I$10))/(MAX($I$2:$I$10)-MIN($I$2:$I$10))+1 -> 5 | E95: =4*(K7-MIN($K$2:$K$10))/(MAX($K$2:$K$10)-MIN($K$2:$K$10))+1 -> 2.3333333 | F95: =5-4*(H7-MIN($H$2:$H$10))/(MAX($H$2:$H$10)-MIN($H$2:$H$10)) -> 4.4046008 | G95: =5-(4*($F$62-MIN($F$57:$F$65))/(MAX($F$57:$F$65)-MIN($F$57:$F$65))) -> 1 | H95: =5-(4*($G$62-$G$58)/($G$57-$G$58)) -> 5 | I95: 3 | J95: =AVERAGE(B95:I95) -> 2.7172418 | K95: =(2*(B95+C95+G95)+D95+E95+F95+H95+I95)/11 -> 2.157994 | L95: =(2*(D95+E95+F95+H95)+B95+C95+G95+I95)/12 -> 3.2063224
A96: Overtake Rijssen | B96: =4*($H$63-$H$64)/($H$60-$H$64)+1 -> 3.6666667 | C96: =4*(J8-MAX($J$2:$J$10))/(MIN($J$2:$J$10)-MAX($J$2:$J$10))+1 -> 5 | D96: =4*(I8-MIN($I$2:$I$10))/(MAX($I$2:$I$10)-MIN($I$2:$I$10))+1 -> 3 | E96: =4*(K8-MIN($K$2:$K$10))/(MAX($K$2:$K$10)-MIN($K$2:$K$10))+1 -> 1 | F96: =5-4*(H8-MIN($H$2:$H$10))/(MAX($H$2:$H$10)-MIN($H$2:$H$10)) -> 1 | G96: =5-(4*($F$63-MIN($F$57:$F$65))/(MAX($F$57:$F$65)-MIN($F$57:$F$65))) -> 5 | H96: =5-(4*($G$63-$G$58)/($G$57-$G$58)) -> 5 | I96: 5 | J96: =AVERAGE(B96:I96) -> 3.5833333 | K96: =(2*(B96+C96+G96)+D96+E96+F96+H96+I96)/11 -> 3.8484848 | L96: =(2*(D96+E96+F96+H96)+B96+C96+G96+I96)/12 -> 3.2222222
A97: Alternative ICE path | B97: =4*($H$64-$H$64)/($H$60-$H$64)+1 -> 1 | C97: =4*(J9-MAX($J$2:$J$10))/(MIN($J$2:$J$10)-MAX($J$2:$J$10))+1 -> 1 | D97: =4*(I9-MIN($I$2:$I$10))/(MAX($I$2:$I$10)-MIN($I$2:$I$10))+1 -> 5 | E97: =4*(K9-MIN($K$2:$K$10))/(MAX($K$2:$K$10)-MIN($K$2:$K$10))+1 -> 5 | F97: =5-4*(H9-MIN($H$2:$H$10))/(MAX($H$2:$H$10)-MIN($H$2:$H$10)) -> 4.9242219 | G97: =5-(4*($F$64-MIN($F$57:$F$65))/(MAX($F$57:$F$65)-MIN($F$57:$F$65))) -> 5 | H97: =5-(4*($G$64-$G$58)/($G$57-$G$58)) -> 5 | I97: 5 | J97: =AVERAGE(B97:I97) -> 3.9905277 | K97: =(2*(B97+C97+G97)+D97+E97+F97+H97+I97)/11 -> 3.5385656 | L97: =(2*(D97+E97+F97+H97)+B97+C97+G97+I97)/12 -> 4.3207037
A98: Stop Almelo | B98: =4*($H$65-$H$64)/($H$60-$H$64)+1 -> 5 | C98: =4*(J10-MAX($J$2:$J$10))/(MIN($J$2:$J$10)-MAX($J$2:$J$10))+1 -> 5 | D98: =4*(I10-MIN($I$2:$I$10))/(MAX($I$2:$I$10)-MIN($I$2:$I$10))+1 -> 4 | E98: =4*(K10-MIN($K$2:$K$10))/(MAX($K$2:$K$10)-MIN($K$2:$K$10))+1 -> 1 | F98: =5-4*(H10-MIN($H$2:$H$10))/(MAX($H$2:$H$10)-MIN($H$2:$H$10)) -> 3.6630582 | G98: =5-(4*($F$65-MIN($F$57:$F$65))/(MAX($F$57:$F$65)-MIN($F$57:$F$65))) -> 4.8 | H98: =5-(4*($G$65-$G$58)/($G$57-$G$58)) -> 5 | I98: 5 | J98: =AVERAGE(B98:I98) -> 4.1828823 | K98: =(2*(B98+C98+G98)+D98+E98+F98+H98+I98)/11 -> 4.3875507 | L98: =(2*(D98+E98+F98+H98)+B98+C98+G98+I98)/12 -> 3.9271764
A100: 5 minute delay | B100: KPI1 | C100: KPI2 | D100: KPI3 | E100: KPI4 | F100: KPI5 | G100: KPI6 | H100: KPI7 | I100: KPI8 | J100: Score | K100: Gemiddelde ICE Prioritize | L100: Prioritize domestic
A101: Cancel stop Hgl-Odz-Zp | B101: =4*($H$57-$H$64)/($H$60-$H$64)+1 -> 5 | C101: =4*(P2-MAX($P$2:$P$10))/(MIN($P$2:$P$10)-MAX($P$2:$P$10))+1 -> 5 | D101: =4*(O2-MIN($O$2:$O$10))/(MAX($O$2:$O$10)-MIN($O$2:$O$10))+1 -> 2 | E101: =4*(Q2-MIN($Q$2:$Q$10))/(MAX($Q$2:$Q$10)-MIN($Q$2:$Q$10))+1 -> 3.6666667 | F101: =5-4*(N2-MIN($N$2:$N$10))/(MAX($N$2:$N$10)-MIN($N$2:$N$10)) -> 3.5402844 | G101: =5-(4*($F$57-MIN($F$57:$F$65))/(MAX($F$57:$F$65)-MIN($F$57:$F$65))) -> 5 | H101: =5-(4*($G$57-$G$58)/($G$57-$G$58)) -> 1 | I101: 5 | J101: =AVERAGE(B101:I101) -> 3.7758689 | K101: =(2*(B101+C101+G101)+D101+E101+F101+H101+I101)/11 -> 4.1097228 | L101: =(2*(D101+E101+F101+H101)+B101+C101+G101+I101)/12 -> 3.3678252
A102: ICE waits | B102: =4*($H$58-$H$64)/($H$60-$H$64)+1 -> 3.2222222 | C102: =4*(P3-MAX($P$2:$P$10))/(MIN($P$2:$P$10)-MAX($P$2:$P$10))+1 -> 4.8894737 | D102: =4*(O3-MIN($O$2:$O$10))/(MAX($O$2:$O$10)-MIN($O$2:$O$10))+1 -> 1 | E102: =4*(Q3-MIN($Q$2:$Q$10))/(MAX($Q$2:$Q$10)-MIN($Q$2:$Q$10))+1 -> 1 | F102: =5-4*(N3-MIN($N$2:$N$10))/(MAX($N$2:$N$10)-MIN($N$2:$N$10)) -> 2.2938389 | G102: =5-(4*($F$58-MIN($F$57:$F$65))/(MAX($F$57:$F$65)-MIN($F$57:$F$65))) -> 5 | H102: =5-(4*($G$58-$G$58)/($G$57-$G$58)) -> 5 | I102: 5 | J102: =AVERAGE(B102:I102) -> 3.4256918 | K102: =(2*(B102+C102+G102)+D102+E102+F102+H102+I102)/11 -> 3.6833846 | L102: =(2*(D102+E102+F102+H102)+B102+C102+G102+I102)/12 -> 3.0582811
A103: Stop waits | B103: =4*($H$59-$H$64)/($H$60-$H$64)+1 -> 5 | C103: =4*(P4-MAX($P$2:$P$10))/(MIN($P$2:$P$10)-MAX($P$2:$P$10))+1 -> 4.8947368 | D103: =4*(O4-MIN($O$2:$O$10))/(MAX($O$2:$O$10)-MIN($O$2:$O$10))+1 -> 1 | E103: =4*(Q4-MIN($Q$2:$Q$10))/(MAX($Q$2:$Q$10)-MIN($Q$2:$Q$10))+1 -> 1 | F103: =5-4*(N4-MIN($N$2:$N$10))/(MAX($N$2:$N$10)-MIN($N$2:$N$10)) -> 3.1374408 | G103: =5-(4*($F$59-MIN($F$57:$F$65))/(MAX($F$57:$F$65)-MIN($F$57:$F$65))) -> 5 | H103: =5-(4*($G$59-$G$58)/($G$57-$G$58)) -> 5 | I103: 5 | J103: =AVERAGE(B103:I103) -> 3.7540222 | K103: =(2*(B103+C103+G103)+D103+E103+F103+H103+I103)/11 -> 4.0842649 | L103: =(2*(D103+E103+F103+H103)+B103+C103+G103+I103)/12 -> 3.3474682
A104: Remove stop Hengelo | B104: =4*($H$60-$H$64)/($H$60-$H$64)+1 -> 5 | C104: =4*(P5-MAX($P$2:$P$10))/(MIN($P$2:$P$10)-MAX($P$2:$P$10))+1 -> 5 | D104: =4*(O5-MIN($O$2:$O$10))/(MAX($O$2:$O$10)-MIN($O$2:$O$10))+1 -> 3 | E104: =4*(Q5-MIN($Q$2:$Q$10))/(MAX($Q$2:$Q$10)-MIN($Q$2:$Q$10))+1 -> 2.3333333 | F104: =5-4*(N5-MIN($N$2:$N$10))/(MAX($N$2:$N$10)-MIN($N$2:$N$10)) -> 4.1658768 | G104: =5-(4*($F$60-MIN($F$57:$F$65))/(MAX($F$57:$F$65)-MIN($F$57:$F$65))) -> 4.6 | H104: =5-(4*($G$60-$G$58)/($G$57-$G$58)) -> 5 | I104: 5 | J104: =AVERAGE(B104:I104) -> 4.2624013 | K104: =(2*(B104+C104+G104)+D104+E104+F104+H104+I104)/11 -> 4.4272009 | L104: =(2*(D104+E104+F104+H104)+B104+C104+G104+I104)/12 -> 4.0498684
A105: Extra platform Hengelo | B105: =4*($H$61-$H$64)/($H$60-$H$64)+1 -> 5 | C105: =4*(P6-MAX($P$2:$P$10))/(MIN($P$2:$P$10)-MAX($P$2:$P$10))+1 -> 5 | D105: =4*(O6-MIN($O$2:$O$10))/(MAX($O$2:$O$10)-MIN($O$2:$O$10))+1 -> 1 | E105: =4*(Q6-MIN($Q$2:$Q$10))/(MAX($Q$2:$Q$10)-MIN($Q$2:$Q$10))+1 -> 2.3333333 | F105: =5-4*(N6-MIN($N$2:$N$10))/(MAX($N$2:$N$10)-MIN($N$2:$N$10)) -> 3.1374408 | G105: =5-(4*($F$61-MIN($F$57:$F$65))/(MAX($F$57:$F$65)-MIN($F$57:$F$65))) -> 5 | H105: =5-(4*($G$61-$G$58)/($G$57-$G$58)) -> 5 | I105: 1 | J105: =AVERAGE(B105:I105) -> 3.4338468 | K105: =(2*(B105+C105+G105)+D105+E105+F105+H105+I105)/11 -> 3.8609795 | L105: =(2*(D105+E105+F105+H105)+B105+C105+G105+I105)/12 -> 3.245129
A106: Short-turn Hengelo | B106: =4*($H$62-$H$64)/($H$60-$H$64)+1 -> 1 | C106: 0 | D106: =4*(O7-MIN($O$2:$O$10))/(MAX($O$2:$O$10)-MIN($O$2:$O$10))+1 -> 4 | E106: =4*(Q7-MIN($Q$2:$Q$10))/(MAX($Q$2:$Q$10)-MIN($Q$2:$Q$10))+1 -> 2.3333333 | F106: =5-4*(N7-MIN($N$2:$N$10))/(MAX($N$2:$N$10)-MIN($N$2:$N$10)) -> 4.3791469 | G106: =5-(4*($F$62-MIN($F$57:$F$65))/(MAX($F$57:$F$65)-MIN($F$57:$F$65))) -> 1 | H106: =5-(4*($G$62-$G$58)/($G$57-$G$58)) -> 5 | I106: 3 | J106: =AVERAGE(B106:I106) -> 2.58906 | K106: =(2*(B106+C106+G106)+D106+E106+F106+H106+I106)/11 -> 2.0647709 | L106: =(2*(D106+E106+F106+H106)+B106+C106+G106+I106)/12 -> 3.0354134
A107: Overtake Rijssen | B107: =4*($H$63-$H$64)/($H$60-$H$64)+1 -> 3.6666667 | C107: =4*(P8-MAX($P$2:$P$10))/(MIN($P$2:$P$10)-MAX($P$2:$P$10))+1 -> 5 | D107: =4*(O8-MIN($O$2:$O$10))/(MAX($O$2:$O$10)-MIN($O$2:$O$10))+1 -> 1 | E107: =4*(Q8-MIN($Q$2:$Q$10))/(MAX($Q$2:$Q$10)-MIN($Q$2:$Q$10))+1 -> 1 | F107: =5-4*(N8-MIN($N$2:$N$10))/(MAX($N$2:$N$10)-MIN($N$2:$N$10)) -> 1 | G107: =5-(4*($F$63-MIN($F$57:$F$65))/(MAX($F$57:$F$65)-MIN($F$57:$F$65))) -> 5 | H107: =5-(4*($G$63-$G$58)/($G$57-$G$58)) -> 5 | I107: 5 | J107: =AVERAGE(B107:I107) -> 3.3333333 | K107: =(2*(B107+C107+G107)+D107+E107+F107+H107+I107)/11 -> 3.6666667 | L107: =(2*(D107+E107+F107+H107)+B107+C107+G107+I107)/12 -> 2.8888889
A108: Alternative ICE path | B108: =4*($H$64-$H$64)/($H$60-$H$64)+1 -> 1 | C108: =4*(P9-MAX($P$2:$P$10))/(MIN($P$2:$P$10)-MAX($P$2:$P$10))+1 -> 1 | D108: =4*(O9-MIN($O$2:$O$10))/(MAX($O$2:$O$10)-MIN($O$2:$O$10))+1 -> 5 | E108: =4*(Q9-MIN($Q$2:$Q$10))/(MAX($Q$2:$Q$10)-MIN($Q$2:$Q$10))+1 -> 5 | F108: =5-4*(N9-MIN($N$2:$N$10))/(MAX($N$2:$N$10)-MIN($N$2:$N$10)) -> 5 | G108: =5-(4*($F$64-MIN($F$57:$F$65))/(MAX($F$57:$F$65)-MIN($F$57:$F$65))) -> 5 | H108: =5-(4*($G$64-$G$58)/($G$57-$G$58)) -> 5 | I108: 5 | J108: =AVERAGE(B108:I108) -> 4 | K108: =(2*(B108+C108+G108)+D108+E108+F108+H108+I108)/11 -> 3.5454545 | L108: =(2*(D108+E108+F108+H108)+B108+C108+G108+I108)/12 -> 4.3333333
A109: Stop Almelo | B109: =4*($H$65-$H$64)/($H$60-$H$64)+1 -> 5 | C109: =4*(P10-MAX($P$2:$P$10))/(MIN($P$2:$P$10)-MAX($P$2:$P$10))+1 -> 5 | D109: =4*(O10-MIN($O$2:$O$10))/(MAX($O$2:$O$10)-MIN($O$2:$O$10))+1 -> 1 | E109: =4*(Q10-MIN($Q$2:$Q$10))/(MAX($Q$2:$Q$10)-MIN($Q$2:$Q$10))+1 -> 1 | F109: =5-4*(N10-MIN($N$2:$N$10))/(MAX($N$2:$N$10)-MIN($N$2:$N$10)) -> 3.0094787 | G109: =5-(4*($F$65-MIN($F$57:$F$65))/(MAX($F$57:$F$65)-MIN($F$57:$F$65))) -> 4.8 | H109: =5-(4*($G$65-$G$58)/($G$57-$G$58)) -> 5 | I109: 5 | J109: =AVERAGE(B109:I109) -> 3.7261848 | K109: =(2*(B109+C109+G109)+D109+E109+F109+H109+I109)/11 -> 4.0554072 | L109: =(2*(D109+E109+F109+H109)+B109+C109+G109+I109)/12 -> 3.3182464
...

Sheet Python
B1: KPI1 | C1: KPI2 | D1: KPI3 | E1: KPI4 | F1: KPI5 | G1: KPI6 | H1: KPI7 | I1: KPI8 | J1: Delay
A2: Cancel stop Hgl-Odz-Zp | B2: =Summary!B68 -> 5 | C2: =Summary!C68 -> 4.7807784 | D2: =Summary!D68 -> 2.3333333 | E2: =Summary!E68 -> 4.4444444 | F2: =Summary!F68 -> 3.1274485 | G2: =Summary!G68 -> 5 | H2: =Summary!H68 -> 1 | I2: 5 | J2: Overall
A3: ICE waits | B3: =Summary!B69 -> 3.2222222 | C3: =Summary!C69 -> 4.00556 | D3: =Summary!D69 -> 2.8095238 | E3: =Summary!E69 -> 4 | F3: =Summary!F69 -> 3.7823787 | G3: =Summary!G69 -> 5 | H3: =Summary!H69 -> 5 | I3: 5 | J3: Overall
A4: Stop waits | B4: =Summary!B70 -> 5 | C4: =Summary!C70 -> 4.770188 | D4: =Summary!D70 -> 1 | E4: =Summary!E70 -> 1 | F4: =Summary!F70 -> 1 | G4: =Summary!G70 -> 5 | H4: =Summary!H70 -> 5 | I4: 5 | J4: Overall
A5: Remove stop Hengelo | B5: =Summary!B71 -> 5 | C5: =Summary!C71 -> 5 | D5: =Summary!D71 -> 2.6190476 | E5: =Summary!E71 -> 4 | F5: =Summary!F71 -> 3.866022 | G5: =Summary!G71 -> 4.6 | H5: =Summary!H71 -> 5 | I5: 5 | J5: Overall
A6: Extra platform Hengelo | B6: =Summary!B72 -> 5 | C6: =Summary!C72 -> 4.7516548 | D6: =Summary!D72 -> 2.1428571 | E6: =Summary!E72 -> 3.4444444 | F6: =Summary!F72 -> 3.2586991 | G6: =Summary!G72 -> 5 | H6: =Summary!H72 -> 5 | I6: 1 | J6: Overall
A7: Short-turn Hengelo | B7: =Summary!B73 -> 1 | C7: =Summary!C73 -> 0 | D7: =Summary!D73 -> 3.952381 | E7: =Summary!E73 -> 4.1111111 | F7: =Summary!F73 -> 3.911315 | G7: =Summary!G73 -> 1 | H7: =Summary!H73 -> 5 | I7: 3 | J7: Overall
A8: Overtake Rijssen | B8: =Summary!B74 -> 3.6666667 | C8: =Summary!C74 -> 4.6049775 | D8: =Summary!D74 -> 1.5714286 | E8: =Summary!E74 -> 3.6666667 | F8: =Summary!F74 -> 1.4314406 | G8: =Summary!G74 -> 5 | H8: =Summary!H74 -> 5 | I8: 5 | J8: Overall
A9: Alternative ICE path | B9: =Summary!B75 -> 1 | C9: =Summary!C75 -> 1 | D9: =Summary!D75 -> 5 | E9: =Summary!E75 -> 5 | F9: =Summary!F75 -> 5 | G9: =Summary!G75 -> 5 | H9: =Summary!H75 -> 5 | I9: 5 | J9: Overall
A10: Stop Almelo | B10: =Summary!B76 -> 5 | C10: =Summary!C76 -> 4.8845645 | D10: =Summary!D76 -> 1.952381 | E10: =Summary!E76 -> 3.6666667 | F10: =Summary!F76 -> 3.2669642 | G10: =Summary!G76 -> 4.8 | H10: =Summary!H76 -> 5 | I10: 5 | J10: Overall
A11: Cancel stop Hgl-Odz-Zp | B11: =Summary!B79 -> 5 | C11: =Summary!C79 -> 5 | D11: =Summary!D79 -> 3.6666667 | E11: =Summary!E79 -> 3.6666667 | F11: =Summary!F79 -> 3.2791293 | G11: =Summary!G79 -> 5 | H11: =Summary!H79 -> 1 | I11: =Summary!I79 -> 5 | J11: 3 minute
A12: ICE waits | B12: =Summary!B80 -> 3.2222222 | C12: =Summary!C80 -> 5 | D12: =Summary!D80 -> 2.3333333 | E12: =Summary!E80 -> 1 | F12: =Summary!F80 -> 2.787452 | G12: =Summary!G80 -> 5 | H12: =Summary!H80 -> 5 | I12: =Summary!I80 -> 5 | J12: 3 minute
A13: Stop waits | B13: =Summary!B81 -> 5 | C13: =Summary!C81 -> 5 | D13: =Summary!D81 -> 3.6666667 | E13: =Summary!E81 -> 1 | F13: =Summary!F81 -> 4.3751601 | G13: =Summary!G81 -> 5 | H13: =Summary!H81 -> 5 | I13: =Summary!I81 -> 5 | J13: 3 minute
A14: Remove stop Hengelo | B14: =Summary!B82 -> 5 | C14: =Summary!C82 -> 5 | D14: =Summary!D82 -> 5 | E14: =Summary!E82 -> 3.6666667 | F14: =Summary!F82 -> 5 | G14: =Summary!G82 -> 4.6 | H14: =Summary!H82 -> 5 | I14: =Summary!I82 -> 5 | J14: 3 minute
A15: Extra platform Hengelo | B15: =Summary!B83 -> 5 | C15: =Summary!C83 -> 5 | D15: =Summary!D83 -> 3.6666667 | E15: =Summary!E83 -> 2.3333333 | F15: =Summary!F83 -> 4.4007682 | G15: =Summary!G83 -> 5 | H15: =Summary!H83 -> 5 | I15: =Summary!I83 -> 1 | J15: 3 minute
A16: Short-turn Hengelo | B16: =Summary!B84 -> 1 | C16: =Summary!C84 -> 0 | D16: =Summary!D84 -> 5 | E16: =Summary!E84 -> 2.3333333 | F16: =Summary!F84 -> 4.2727273 | G16: =Summary!G84 -> 1 | H16: =Summary!H84 -> 5 | I16: =Summary!I84 -> 3 | J16: 3 minute
A17: Overtake Rijssen | B17: =Summary!B85 -> 3.6666667 | C17: =Summary!C85 -> 5 | D17: =Summary!D85 -> 1 | E17: =Summary!E85 -> 1 | F17: =Summary!F85 -> 1 | G17: =Summary!G85 -> 5 | H17: =Summary!H85 -> 5 | I17: =Summary!I85 -> 5 | J17: 3 minute
A18: Alternative ICE path | B18: =Summary!B86 -> 1 | C18: =Summary!C86 -> 1 | D18: =Summary!D86 -> 5 | E18: =Summary!E86 -> 5 | F18: =Summary!F86 -> 4.503201 | G18: =Summary!G86 -> 5 | H18: =Summary!H86 -> 5 | I18: =Summary!I86 -> 5 | J18: 3 minute
A19: Stop Almelo | B19: =Summary!B87 -> 5 | C19: =Summary!C87 -> 5 | D19: =Summary!D87 -> 3.6666667 | E19: =Summary!E87 -> 1 | F19: =Summary!F87 -> 3.6888604 | G19: =Summary!G87 -> 4.8 | H19: =Summary!H87 -> 5 | I19: =Summary!I87 -> 5 | J19: 3 minute
A20: Cancel stop Hgl-Odz-Zp | B20: =Summary!B90 -> 5 | C20: =Summary!C90 -> 5 | D20: =Summary!D90 -> 4 | E20: =Summary!E90 -> 3.6666667 | F20: =Summary!F90 -> 3.6305819 | G20: =Summary!G90 -> 5 | H20: =Summary!H90 -> 1 | I20: =Summary!I90 -> 5 | J20: 4 minute
A21: ICE waits | B21: =Summary!B91 -> 3.2222222 | C21: =Summary!C91 -> 5 | D21: =Summary!D91 -> 1 | E21: =Summary!E91 -> 1 | F21: =Summary!F91 -> 2.4939107 | G21: =Summary!G91 -> 5 | H21: =Summary!H91 -> 5 | I21: =Summary!I91 -> 5 | J21: 4 minute
A22: Stop waits | B22: =Summary!B92 -> 5 | C22: =Summary!C92 -> 5 | D22: =Summary!D92 -> 4 | E22: =Summary!E92 -> 1 | F22: =Summary!F92 -> 3.8254398 | G22: =Summary!G92 -> 5 | H22: =Summary!H92 -> 5 | I22: =Summary!I92 -> 5 | J22: 4 minute
A23: Remove stop Hengelo | B23: =Summary!B93 -> 5 | C23: =Summary!C93 -> 5 | D23: =Summary!D93 -> 5 | E23: =Summary!E93 -> 3.6666667 | F23: =Summary!F93 -> 5 | G23: =Summary!G93 -> 4.6 | H23: =Summary!H93 -> 5 | I23: =Summary!I93 -> 5 | J23: 4 minute
A24: Extra platform Hengelo | B24: =Summary!B94 -> 5 | C24: =Summary!C94 -> 5 | D24: =Summary!D94 -> 4 | E24: =Summary!E94 -> 2.3333333 | F24: =Summary!F94 -> 3.8308525 | G24: =Summary!G94 -> 5 | H24: =Summary!H94 -> 5 | I24: =Summary!I94 -> 1 | J24: 4 minute
A25: Short-turn Hengelo | B25: =Summary!B95 -> 1 | C25: =Summary!C95 -> 0 | D25: =Summary!D95 -> 5 | E25: =Summary!E95 -> 2.3333333 | F25: =Summary!F95 -> 4.4046008 | G25: =Summary!G95 -> 1 | H25: =Summary!H95 -> 5 | I25: =Summary!I95 -> 3 | J25: 4 minute
A26: Overtake Rijssen | B26: =Summary!B96 -> 3.6666667 | C26: =Summary!C96 -> 5 | D26: =Summary!D96 -> 3 | E26: =Summary!E96 -> 1 | F26: =Summary!F96 -> 1 | G26: =Summary!G96 -> 5 | H26: =Summary!H96 -> 5 | I26: =Summary!I96 -> 5 | J26: 4 minute
A27: Alternative ICE path | B27: =Summary!B97 -> 1 | C27: =Summary!C97 -> 1 | D27: =Summary!D97 -> 5 | E27: =Summary!E97 -> 5 | F27: =Summary!F97 -> 4.9242219 | G27: =Summary!G97 -> 5 | H27: =Summary!H97 -> 5 | I27: =Summary!I97 -> 5 | J27: 4 minute
A28: Stop Almelo | B28: =Summary!B98 -> 5 | C28: =Summary!C98 -> 5 | D28: =Summary!D98 -> 4 | E28: =Summary!E98 -> 1 | F28: =Summary!F98 -> 3.6630582 | G28: =Summary!G98 -> 4.8 | H28: =Summary!H98 -> 5 | I28: =Summary!I98 -> 5 | J28: 4 minute
A29: Cancel stop Hgl-Odz-Zp | B29: =Summary!B101 -> 5 | C29: =Summary!C101 -> 5 | D29: =Summary!D101 -> 2 | E29: =Summary!E101 -> 3.6666667 | F29: =Summary!F101 -> 3.5402844 | G29: =Summary!G101 -> 5 | H29: =Summary!H101 -> 1 | I29: =Summary!I101 -> 5 | J29: 5 minute
A30: ICE waits | B30: =Summary!B102 -> 3.2222222 | C30: =Summary!C102 -> 4.8894737 | D30: =Summary!D102 -> 1 | E30: =Summary!E102 -> 1 | F30: =Summary!F102 -> 2.2938389 | G30: =Summary!G102 -> 5 | H30: =Summary!H102 -> 5 | I30: =Summary!I102 -> 5 | J30: 5 minute
A31: Stop waits | B31: =Summary!B103 -> 5 | C31: =Summary!C103 -> 4.8947368 | D31: =Summary!D103 -> 1 | E31: =Summary!E103 -> 1 | F31: =Summary!F103 -> 3.1374408 | G31: =Summary!G103 -> 5 | H31: =Summary!H103 -> 5 | I31: =Summary!I103 -> 5 | J31: 5 minute
A32: Remove stop Hengelo | B32: =Summary!B104 -> 5 | C32: =Summary!C104 -> 5 | D32: =Summary!D104 -> 3 | E32: =Summary!E104 -> 2.3333333 | F32: =Summary!F104 -> 4.1658768 | G32: =Summary!G104 -> 4.6 | H32: =Summary!H104 -> 5 | I32: =Summary!I104 -> 5 | J32: 5 minute
A33: Extra platform Hengelo | B33: =Summary!B105 -> 5 | C33: =Summary!C105 -> 5 | D33: =Summary!D105 -> 1 | E33: =Summary!E105 -> 2.3333333 | F33: =Summary!F105 -> 3.1374408 | G33: =Summary!G105 -> 5 | H33: =Summary!H105 -> 5 | I33: =Summary!I105 -> 1 | J33: 5 minute
A34: Short-turn Hengelo | B34: =Summary!B106 -> 1 | C34: =Summary!C106 -> 0 | D34: =Summary!D106 -> 4 | E34: =Summary!E106 -> 2.3333333 | F34: =Summary!F106 -> 4.3791469 | G34: =Summary!G106 -> 1 | H34: =Summary!H106 -> 5 | I34: =Summary!I106 -> 3 | J34: 5 minute
A35: Overtake Rijssen | B35: =Summary!B107 -> 3.6666667 | C35: =Summary!C107 -> 5 | D35: =Summary!D107 -> 1 | E35: =Summary!E107 -> 1 | F35: =Summary!F107 -> 1 | G35: =Summary!G107 -> 5 | H35: =Summary!H107 -> 5 | I35: =Summary!I107 -> 5 | J35: 5 minute
A36: Alternative ICE path | B36: =Summary!B108 -> 1 | C36: =Summary!C108 -> 1 | D36: =Summary!D108 -> 5 | E36: =Summary!E108 -> 5 | F36: =Summary!F108 -> 5 | G36: =Summary!G108 -> 5 | H36: =Summary!H108 -> 5 | I36: =Summary!I108 -> 5 | J36: 5 minute
A37: Stop Almelo | B37: =Summary!B109 -> 5 | C37: =Summary!C109 -> 5 | D37: =Summary!D109 -> 1 | E37: =Summary!E109 -> 1 | F37: =Summary!F109 -> 3.0094787 | G37: =Summary!G109 -> 4.8 | H37: =Summary!H109 -> 5 | I37: =Summary!I109 -> 5 | J37: 5 minute
A38: Cancel stop Hgl-Odz-Zp | B38: =Summary!B112 -> 5 | C38: =Summary!C112 -> 4.9631579 | D38: =Summary!D112 -> 2 | E38: =Summary!E112 -> 3.6666667 | F38: =Summary!F112 -> 3.1391304 | G38: =Summary!G112 -> 5 | H38: =Summary!H112 -> 1 | I38: =Summary!I112 -> 5 | J38: 6 minute
A39: ICE waits | B39: =Summary!B113 -> 3.2222222 | C39: =Summary!C113 -> 2.7947368 | D39: =Summary!D113 -> 4 | E39: =Summary!E113 -> 5 | F39: =Summary!F113 -> 4.0956522 | G39: =Summary!G113 -> 5 | H39: =Summary!H113 -> 5 | I39: =Summary!I113 -> 5 | J39: 6 minute
A40: Stop waits | B40: =Summary!B114 -> 5 | C40: =Summary!C114 -> 4.9631579 | D40: =Summary!D114 -> 1 | E40: =Summary!E114 -> 1 | F40: =Summary!F114 -> 2.7695652 | G40: =Summary!G114 -> 5 | H40: =Summary!H114 -> 5 | I40: =Summary!I114 -> 5 | J40: 6 minute
A41: Remove stop Hengelo | B41: =Summary!B115 -> 5 | C41: =Summary!C115 -> 5 | D41: =Summary!D115 -> 3 | E41: =Summary!E115 -> 2.3333333 | F41: =Summary!F115 -> 3.5130435 | G41: =Summary!G115 -> 4.6 | H41: =Summary!H115 -> 5 | I41: =Summary!I115 -> 5 | J41: 6 minute
A42: Extra platform Hengelo | B42: =Summary!B116 -> 5 | C42: =Summary!C116 -> 4.9631579 | D42: =Summary!D116 -> 1 | E42: =Summary!E116 -> 2.3333333 | F42: =Summary!F116 -> 2.7695652 | G42: =Summary!G116 -> 5 | H42: =Summary!H116 -> 5 | I42: =Summary!I116 -> 1 | J42: 6 minute
A43: Short-turn Hengelo | B43: =Summary!B117 -> 1 | C43: =Summary!C117 -> 0 | D43: =Summary!D117 -> 4 | E43: =Summary!E117 -> 2.3333333 | F43: =Summary!F117 -> 4.1347826 | G43: =Summary!G117 -> 1 | H43: =Summary!H117 -> 5 | I43: =Summary!I117 -> 3 | J43: 6 minute
A44: Overtake Rijssen | B44: =Summary!B118 -> 3.6666667 | C44: =Summary!C118 -> 4.9631579 | D44: =Summary!D118 -> 1 | E44: =Summary!E118 -> 1 | F44: =Summary!F118 -> 1 | G44: =Summary!G118 -> 5 | H44: =Summary!H118 -> 5 | I44: =Summary!I118 -> 5 | J44: 6 minute
A45: Alternative ICE path | B45: =Summary!B119 -> 1 | C45: =Summary!C119 -> 1 | D45: =Summary!D119 -> 5 | E45: =Summary!E119 -> 5 | F45: =Summary!F119 -> 5 | G45: =Summary!G119 -> 5 | H45: =Summary!H119 -> 5 | I45: =Summary!I119 -> 5 | J45: 6 minute
A46: Stop Almelo | B46: =Summary!B120 -> 5 | C46: =Summary!C120 -> 4.9157895 | D46: =Summary!D120 -> 1 | E46: =Summary!E120 -> 1 | F46: =Summary!F120 -> 2.7826087 | G46: =Summary!G120 -> 4.8 | H46: =Summary!H120 -> 5 | I46: =Summary!I120 -> 5 | J46: 6 minute
A47: Cancel stop Hgl-Odz-Zp | B47: =Summary!B123 -> 5 | C47: =Summary!C123 -> 4.8975741 | D47: =Summary!D123 -> 2.6 | E47: =Summary!E123 -> 4.2 | F47: =Summary!F123 -> 1.4259635 | G47: =Summary!G123 -> 5 | H47: =Summary!H123 -> 1 | I47: =Summary!I123 -> 5 | J47: 7 minute
A48: ICE waits | B48: =Summary!B124 -> 3.2222222 | C48: =Summary!C124 -> 2.8382749 | D48: =Summary!D124 -> 4.2 | E48: =Summary!E124 -> 5 | F48: =Summary!F124 -> 4.1561866 | G48: =Summary!G124 -> 5 | H48: =Summary!H124 -> 5 | I48: =Summary!I124 -> 5 | J48: 7 minute
A49: Stop waits | B49: =Summary!B125 -> 5 | C49: =Summary!C125 -> 4.8975741 | D49: =Summary!D125 -> 1 | E49: =Summary!E125 -> 2.6 | F49: =Summary!F125 -> 1 | G49: =Summary!G125 -> 5 | H49: =Summary!H125 -> 5 | I49: =Summary!I125 -> 5 | J49: 7 minute
A50: Remove stop Hengelo | B50: =Summary!B126 -> 5 | C50: =Summary!C126 -> 5 | D50: =Summary!D126 -> 2.6 | E50: =Summary!E126 -> 4.2 | F50: =Summary!F126 -> 3.3691684 | G50: =Summary!G126 -> 4.6 | H50: =Summary!H126 -> 5 | I50: =Summary!I126 -> 5 | J50: 7 minute
A51: Extra platform Hengelo | B51: =Summary!B127 -> 5 | C51: =Summary!C127 -> 4.6226415 | D51: =Summary!D127 -> 2.6 | E51: =Summary!E127 -> 1 | F51: =Summary!F127 -> 2.1237323 | G51: =Summary!G127 -> 5 | H51: =Summary!H127 -> 5 | I51: =Summary!I127 -> 1 | J51: 7 minute
A52: Short-turn Hengelo | B52: =Summary!B128 -> 1 | C52: =Summary!C128 -> 0 | D52: =Summary!D128 -> 4.2 | E52: =Summary!E128 -> 5 | F52: =Summary!F128 -> 3.5192698 | G52: =Summary!G128 -> 1 | H52: =Summary!H128 -> 5 | I52: =Summary!I128 -> 3 | J52: 7 minute
A53: Overtake Rijssen | B53: =Summary!B129 -> 3.6666667 | C53: =Summary!C129 -> 3.2749326 | D53: =Summary!D129 -> 3.4 | E53: =Summary!E129 -> 5 | F53: =Summary!F129 -> 2.2494929 | G53: =Summary!G129 -> 5 | H53: =Summary!H129 -> 5 | I53: =Summary!I129 -> 5 | J53: 7 minute
A54: Alternative ICE path | B54: =Summary!B130 -> 1 | C54: =Summary!C130 -> 1 | D54: =Summary!D130 -> 5 | E54: =Summary!E130 -> 5 | F54: =Summary!F130 -> 5 | G54: =Summary!G130 -> 5 | H54: =Summary!H130 -> 5 | I54: =Summary!I130 -> 5 | J54: 7 minute
A55: Stop Almelo | B55: =Summary!B131 -> 5 | C55: =Summary!C131 -> 4.6118598 | D55: =Summary!D131 -> 2.6 | E55: =Summary!E131 -> 5 | F55: =Summary!F131 -> 2.1115619 | G55: =Summary!G131 -> 4.8 | H55: =Summary!H131 -> 5 | I55: =Summary!I131 -> 5 | J55: 7 minute
A56: Cancel stop Hgl-Odz-Zp | B56: =Summary!B134 -> 5 | C56: =Summary!C134 -> 4.6486486 | D56: =Summary!D134 -> 2 | E56: =Summary!E134 -> 5 | F56: =Summary!F134 -> 1.603352 | G56: =Summary!G134 -> 5 | H56: =Summary!H134 -> 1 | I56: =Summary!I134 -> 5 | J56: 8 minute
A57: ICE waits | B57: =Summary!B135 -> 3.2222222 | C57: =Summary!C135 -> 2.8432432 | D57: =Summary!D135 -> 4 | E57: =Summary!E135 -> 5 | F57: =Summary!F135 -> 4.0703911 | G57: =Summary!G135 -> 5 | H57: =Summary!H135 -> 5 | I57: =Summary!I135 -> 5 | J57: 8 minute
A58: Stop waits | B58: =Summary!B136 -> 5 | C58: =Summary!C136 -> 4.6486486 | D58: =Summary!D136 -> 1 | E58: =Summary!E136 -> 1 | F58: =Summary!F136 -> 1 | G58: =Summary!G136 -> 5 | H58: =Summary!H136 -> 5 | I58: =Summary!I136 -> 5 | J58: 8 minute
A59: Remove stop Hengelo | B59: =Summary!B137 -> 5 | C59: =Summary!C137 -> 5 | D59: =Summary!D137 -> 2 | E59: =Summary!E137 -> 3 | F59: =Summary!F137 -> 3.1675978 | G59: =Summary!G137 -> 4.6 | H59: =Summary!H137 -> 5 | I59: =Summary!I137 -> 5 | J59: 8 minute
A60: Extra platform Hengelo | B60: =Summary!B138 -> 5 | C60: =Summary!C138 -> 4.627027 | D60: =Summary!D138 -> 2 | E60: =Summary!E138 -> 5 | F60: =Summary!F138 -> 1.8089385 | G60: =Summary!G138 -> 5 | H60: =Summary!H138 -> 5 | I60: =Summary!I138 -> 1 | J60: 8 minute
A61: Short-turn Hengelo | B61: =Summary!B139 -> 1 | C61: =Summary!C139 -> 0 | D61: =Summary!D139 -> 4 | E61: =Summary!E139 -> 5 | F61: =Summary!F139 -> 3.3687151 | G61: =Summary!G139 -> 1 | H61: =Summary!H139 -> 5 | I61: =Summary!I139 -> 3 | J61: 8 minute
A62: Overtake Rijssen | B62: =Summary!B140 -> 3.6666667 | C62: =Summary!C140 -> 3.2810811 | D62: =Summary!D140 -> 3 | E62: =Summary!E140 -> 5 | F62: =Summary!F140 -> 1.9698324 | G62: =Summary!G140 -> 5 | H62: =Summary!H140 -> 5 | I62: =Summary!I140 -> 5 | J62: 8 minute
A63: Alternative ICE path | B63: =Summary!B141 -> 1 | C63: =Summary!C141 -> 1 | D63: =Summary!D141 -> 5 | E63: =Summary!E141 -> 5 | F63: =Summary!F141 -> 5 | G63: =Summary!G141 -> 5 | H63: =Summary!H141 -> 5 | I63: =Summary!I141 -> 5 | J63: 8 minute
A64: Stop Almelo | B64: =Summary!B142 -> 5 | C64: =Summary!C142 -> 4.627027 | D64: =Summary!D142 -> 2 | E64: =Summary!E142 -> 5 | F64: =Summary!F142 -> 1.8044693 | G64: =Summary!G142 -> 4.8 | H64: =Summary!H142 -> 5 | I64: =Summary!I142 -> 5 | J64: 8 minute
A65: Cancel stop Hgl-Odz-Zp | B65: =Summary!B145 -> 5 | C65: =Summary!C145 -> 4.6833333 | D65: =Summary!D145 -> 2 | E65: =Summary!E145 -> 5 | F65: =Summary!F145 -> 1.661986 | G65: =Summary!G145 -> 5 | H65: =Summary!H145 -> 1 | I65: =Summary!I145 -> 5 | J65: 9 minute
A66: ICE waits | B66: =Summary!B146 -> 3.2222222 | C66: =Summary!C146 -> 2.8944444 | D66: =Summary!D146 -> 4 | E66: =Summary!E146 -> 5 | F66: =Summary!F146 -> 4.5787362 | G66: =Summary!G146 -> 5 | H66: =Summary!H146 -> 5 | I66: =Summary!I146 -> 5 | J66: 9 minute
A67: Stop waits | B67: =Summary!B147 -> 5 | C67: =Summary!C147 -> 4.6833333 | D67: =Summary!D147 -> 1 | E67: =Summary!E147 -> 1 | F67: =Summary!F147 -> 1 | G67: =Summary!G147 -> 5 | H67: =Summary!H147 -> 5 | I67: =Summary!I147 -> 5 | J67: 9 minute
A68: Remove stop Hengelo | B68: =Summary!B148 -> 5 | C68: =Summary!C148 -> 5 | D68: =Summary!D148 -> 2 | E68: =Summary!E148 -> 3 | F68: =Summary!F148 -> 1.7101304 | G68: =Summary!G148 -> 4.6 | H68: =Summary!H148 -> 5 | I68: =Summary!I148 -> 5 | J68: 9 minute
A69: Extra platform Hengelo | B69: =Summary!B149 -> 5 | C69: =Summary!C149 -> 4.6833333 | D69: =Summary!D149 -> 2 | E69: =Summary!E149 -> 5 | F69: =Summary!F149 -> 1.9227683 | G69: =Summary!G149 -> 5 | H69: =Summary!H149 -> 5 | I69: =Summary!I149 -> 1 | J69: 9 minute
A70: Short-turn Hengelo | B70: =Summary!B150 -> 1 | C70: =Summary!C150 -> 0 | D70: =Summary!D150 -> 4 | E70: =Summary!E150 -> 5 | F70: =Summary!F150 -> 3.5356068 | G70: =Summary!G150 -> 1 | H70: =Summary!H150 -> 5 | I70: =Summary!I150 -> 3 | J70: 9 minute
A71: Overtake Rijssen | B71: =Summary!B151 -> 3.6666667 | C71: =Summary!C151 -> 3.3444444 | D71: =Summary!D151 -> 3 | E71: =Summary!E151 -> 5 | F71: =Summary!F151 -> 2.2798395 | G71: =Summary!G151 -> 5 | H71: =Summary!H151 -> 5 | I71: =Summary!I151 -> 5 | J71: 9 minute
A72: Alternative ICE path | B72: =Summary!B152 -> 1 | C72: =Summary!C152 -> 1 | D72: =Summary!D152 -> 5 | E72: =Summary!E152 -> 5 | F72: =Summary!F152 -> 5 | G72: =Summary!G152 -> 5 | H72: =Summary!H152 -> 5 | I72: =Summary!I152 -> 5 | J72: 9 minute
A73: Stop Almelo | B73: =Summary!B153 -> 5 | C73: =Summary!C153 -> 4.6333333 | D73: =Summary!D153 -> 2 | E73: =Summary!E153 -> 5 | F73: =Summary!F153 -> 1.9027081 | G73: =Summary!G153 -> 4.8 | H73: =Summary!H153 -> 5 | I73: =Summary!I153 -> 5 | J73: 9 minute
A74: Cancel stop Hgl-Odz-Zp | B74: =Summary!B156 -> 5 | C74: =Summary!C156 -> 4.2322275 | D74: =Summary!D156 -> 2.3333333 | E74: =Summary!E156 -> 5 | F74: =Summary!F156 -> 3.1008403 | G74: =Summary!G156 -> 5 | H74: =Summary!H156 -> 1 | I74: =Summary!I156 -> 5 | J74: 10 minute
A75: ICE waits | B75: =Summary!B157 -> 3.2222222 | C75: =Summary!C157 -> 4.2322275 | D75: =Summary!D157 -> 3.6666667 | E75: =Summary!E157 -> 5 | F75: =Summary!F157 -> 3.6386555 | G75: =Summary!G157 -> 5 | H75: =Summary!H157 -> 5 | I75: =Summary!I157 -> 5 | J75: 10 minute
A76: Stop waits | B76: =Summary!B158 -> 5 | C76: =Summary!C158 -> 4.2322275 | D76: =Summary!D158 -> 1 | E76: =Summary!E158 -> 1 | F76: =Summary!F158 -> 1.0560224 | G76: =Summary!G158 -> 5 | H76: =Summary!H158 -> 5 | I76: =Summary!I158 -> 5 | J76: 10 minute
A77: Remove stop Hengelo | B77: =Summary!B159 -> 5 | C77: =Summary!C159 -> 4.2322275 | D77: =Summary!D159 -> 2.3333333 | E77: =Summary!E159 -> 5 | F77: =Summary!F159 -> 3.9971989 | G77: =Summary!G159 -> 4.6 | H77: =Summary!H159 -> 5 | I77: =Summary!I159 -> 5 | J77: 10 minute
A78: Extra platform Hengelo | B78: =Summary!B160 -> 5 | C78: =Summary!C160 -> 4.2322275 | D78: =Summary!D160 -> 2.3333333 | E78: =Summary!E160 -> 5 | F78: =Summary!F160 -> 3.6498599 | G78: =Summary!G160 -> 5 | H78: =Summary!H160 -> 5 | I78: =Summary!I160 -> 1 | J78: 10 minute
A79: Short-turn Hengelo | B79: =Summary!B161 -> 1 | C79: =Summary!C161 -> 0 | D79: =Summary!D161 -> 3.6666667 | E79: =Summary!E161 -> 5 | F79: =Summary!F161 -> 5 | G79: =Summary!G161 -> 1 | H79: =Summary!H161 -> 5 | I79: =Summary!I161 -> 3 | J79: 10 minute
A80: Overtake Rijssen | B80: =Summary!B162 -> 3.6666667 | C80: =Summary!C162 -> 5 | D80: =Summary!D162 -> 2.3333333 | E80: =Summary!E162 -> 5 | F80: =Summary!F162 -> 1 | G80: =Summary!G162 -> 5 | H80: =Summary!H162 -> 5 | I80: =Summary!I162 -> 5 | J80: 10 minute
A81: Alternative ICE path | B81: =Summary!B163 -> 1 | C81: =Summary!C163 -> 1 | D81: =Summary!D163 -> 5 | E81: =Summary!E163 -> 5 | F81: =Summary!F163 -> 4.7983193 | G81: =Summary!G163 -> 5 | H81: =Summary!H163 -> 5 | I81: =Summary!I163 -> 5 | J81: 10 minute
A82: Stop Almelo | B82: =Summary!B164 -> 5 | C82: =Summary!C164 -> 4.2322275 | D82: =Summary!D164 -> 2.3333333 | E82: =Summary!E164 -> 5 | F82: =Summary!F164 -> 4.0028011 | G82: =Summary!G164 -> 4.8 | H82: =Summary!H164 -> 5 | I82: =Summary!I164 -> 5 | J82: 10 minute
A83: Cancel stop Hgl-Odz-Zp | B83: =Summary!B167 -> 5 | C83: =Summary!C167 -> 4.2322275 | D83: =Summary!D167 -> 2.3333333 | E83: =Summary!E167 -> 5 | F83: =Summary!F167 -> 3.49066 | G83: =Summary!G167 -> 5 | H83: =Summary!H167 -> 1 | I83: =Summary!I167 -> 5 | J83: 11 minute
A84: ICE waits | B84: =Summary!B168 -> 3.2222222 | C84: =Summary!C168 -> 4.2322275 | D84: =Summary!D168 -> 3.6666667 | E84: =Summary!E168 -> 5 | F84: =Summary!F168 -> 3.9638854 | G84: =Summary!G168 -> 5 | H84: =Summary!H168 -> 5 | I84: =Summary!I168 -> 5 | J84: 11 minute
A85: Stop waits | B85: =Summary!B169 -> 5 | C85: =Summary!C169 -> 4.2322275 | D85: =Summary!D169 -> 1 | E85: =Summary!E169 -> 1 | F85: =Summary!F169 -> 1 | G85: =Summary!G169 -> 5 | H85: =Summary!H169 -> 5 | I85: =Summary!I169 -> 5 | J85: 11 minute
A86: Remove stop Hengelo | B86: =Summary!B170 -> 5 | C86: =Summary!C170 -> 4.2322275 | D86: =Summary!D170 -> 2.3333333 | E86: =Summary!E170 -> 5 | F86: =Summary!F170 -> 4.1382316 | G86: =Summary!G170 -> 4.6 | H86: =Summary!H170 -> 5 | I86: =Summary!I170 -> 5 | J86: 11 minute
A87: Extra platform Hengelo | B87: =Summary!B171 -> 5 | C87: =Summary!C171 -> 4.2322275 | D87: =Summary!D171 -> 2.3333333 | E87: =Summary!E171 -> 5 | F87: =Summary!F171 -> 3.864259 | G87: =Summary!G171 -> 5 | H87: =Summary!H171 -> 5 | I87: =Summary!I171 -> 1 | J87: 11 minute
A88: Short-turn Hengelo | B88: =Summary!B172 -> 1 | C88: =Summary!C172 -> 0 | D88: =Summary!D172 -> 3.6666667 | E88: =Summary!E172 -> 5 | F88: =Summary!F172 -> 3.49066 | G88: =Summary!G172 -> 1 | H88: =Summary!H172 -> 5 | I88: =Summary!I172 -> 3 | J88: 11 minute
A89: Overtake Rijssen | B89: =Summary!B173 -> 3.6666667 | C89: =Summary!C173 -> 5 | D89: =Summary!D173 -> 2.3333333 | E89: =Summary!E173 -> 5 | F89: =Summary!F173 -> 1.622665 | G89: =Summary!G173 -> 5 | H89: =Summary!H173 -> 5 | I89: =Summary!I173 -> 5 | J89: 11 minute
A90: Alternative ICE path | B90: =Summary!B174 -> 1 | C90: =Summary!C174 -> 1 | D90: =Summary!D174 -> 5 | E90: =Summary!E174 -> 5 | F90: =Summary!F174 -> 5 | G90: =Summary!G174 -> 5 | H90: =Summary!H174 -> 5 | I90: =Summary!I174 -> 5 | J90: 11 minute
A91: Stop Almelo | B91: =Summary!B175 -> 5 | C91: =Summary!C175 -> 4.2322275 | D91: =Summary!D175 -> 2.3333333 | E91: =Summary!E175 -> 5 | F91: =Summary!F175 -> 4.143213 | G91: =Summary!G175 -> 4.8 | H91: =Summary!H175 -> 5 | I91: =Summary!I175 -> 5 | J91: 11 minute
A92: Cancel stop Hgl-Odz-Zp | B92: =Summary!B178 -> 5 | C92: =Summary!C178 -> 4.2322275 | D92: =Summary!D178 -> 3.6666667 | E92: =Summary!E178 -> 5 | F92: =Summary!F178 -> 4.1953833 | G92: =Summary!G178 -> 5 | H92: =Summary!H178 -> 1 | I92: =Summary!I178 -> 5 | J92: 12 minute
A93: ICE waits | B93: =Summary!B179 -> 3.2222222 | C93: =Summary!C179 -> 4.2322275 | D93: =Summary!D179 -> 2.3333333 | E93: =Summary!E179 -> 5 | F93: =Summary!F179 -> 4.198681 | G93: =Summary!G179 -> 5 | H93: =Summary!H179 -> 5 | I93: =Summary!I179 -> 5 | J93: 12 minute
A94: Stop waits | B94: =Summary!B180 -> 5 | C94: =Summary!C180 -> 4.2322275 | D94: =Summary!D180 -> 1 | E94: =Summary!E180 -> 1 | F94: =Summary!F180 -> 1 | G94: =Summary!G180 -> 5 | H94: =Summary!H180 -> 5 | I94: =Summary!I180 -> 5 | J94: 12 minute
A95: Remove stop Hengelo | B95: =Summary!B181 -> 5 | C95: =Summary!C181 -> 4.2322275 | D95: =Summary!D181 -> 2.3333333 | E95: =Summary!E181 -> 5 | F95: =Summary!F181 -> 3.9909316 | G95: =Summary!G181 -> 4.6 | H95: =Summary!H181 -> 5 | I95: =Summary!I181 -> 5 | J95: 12 minute
A96: Extra platform Hengelo | B96: =Summary!B182 -> 5 | C96: =Summary!C182 -> 4.2322275 | D96: =Summary!D182 -> 2.3333333 | E96: =Summary!E182 -> 5 | F96: =Summary!F182 -> 3.8029678 | G96: =Summary!G182 -> 5 | H96: =Summary!H182 -> 5 | I96: =Summary!I182 -> 1 | J96: 12 minute
A97: Short-turn Hengelo | B97: =Summary!B183 -> 1 | C97: =Summary!C183 -> 0 | D97: =Summary!D183 -> 3.6666667 | E97: =Summary!E183 -> 5 | F97: =Summary!F183 -> 3.7963726 | G97: =Summary!G183 -> 1 | H97: =Summary!H183 -> 5 | I97: =Summary!I183 -> 3 | J97: 12 minute
A98: Overtake Rijssen | B98: =Summary!B184 -> 3.6666667 | C98: =Summary!C184 -> 5 | D98: =Summary!D184 -> 2.3333333 | E98: =Summary!E184 -> 5 | F98: =Summary!F184 -> 2.7774114 | G98: =Summary!G184 -> 5 | H98: =Summary!H184 -> 5 | I98: =Summary!I184 -> 5 | J98: 12 minute
A99: Alternative ICE path | B99: =Summary!B185 -> 1 | C99: =Summary!C185 -> 1 | D99: =Summary!D185 -> 5 | E99: =Summary!E185 -> 5 | F99: =Summary!F185 -> 5 | G99: =Summary!G185 -> 5 | H99: =Summary!H185 -> 5 | I99: =Summary!I185 -> 5 | J99: 12 minute
A100: Stop Almelo | B100: =Summary!B186 -> 5 | C100: =Summary!C186 -> 4.2322275 | D100: =Summary!D186 -> 2.3333333 | E100: =Summary!E186 -> 5 | F100: =Summary!F186 -> 3.9942292 | G100: =Summary!G186 -> 4.8 | H100: =Summary!H186 -> 5 | I100: =Summary!I186 -> 5 | J100: 12 minute
...
